ford|galaxy|151000|2011|2000|103|||None|man|5|7|diesel|2015-11-14 18:10:06.838319+00|2016-01-27 20:40:15.46361+00|10584.75
skoda|octavia|143476|2012|2000|81|||None|man|5|5|diesel|2015-11-14 18:10:06.853411+00|2016-01-27 20:40:15.46361+00|8882.31
bmw||97676|2010|1995|85|||None|man|5|5|diesel|2015-11-14 18:10:06.861792+00|2016-01-27 20:40:15.46361+00|12065.06
skoda|fabia|111970|2004|1200|47|||None|man|5|5|gasoline|2015-11-14 18:10:06.872313+00|2016-01-27 20:40:15.46361+00|2960.77
skoda|fabia|128886|2004|1200|47|||None|man|5|5|gasoline|2015-11-14 18:10:06.880335+00|2016-01-27 20:40:15.46361+00|2738.71
skoda|fabia|140932|2003|1200|40|||None|man|5|5|gasoline|2015-11-14 18:10:06.894643+00|2016-01-27 20:40:15.46361+00|1628.42
skoda|fabia|167220|2001|1400|74|||None|man|5|5|gasoline|2015-11-14 18:10:06.915376+00|2016-01-27 20:40:15.46361+00|2072.54
bmw||148500|2009|2000|130|||None|auto|5|5|diesel|2015-11-14 18:10:06.924123+00|2016-01-27 20:40:15.46361+00|10547.74
skoda|octavia|105389|2003|1900|81|||None|man|5|5|diesel|2015-11-14 18:10:06.936239+00|2016-01-27 20:40:15.46361+00|4293.12
||301381|2002|1900|88|||None|man|5|5|diesel|2015-11-14 18:10:06.954319+00|2016-01-27 20:40:15.46361+00|1332.35
||202136|2002|1400|55|||None|man|5|5|gasoline|2015-11-14 18:10:06.962458+00|2016-01-27 20:40:15.46361+00|740.19
||263840|1998|1900|81|||None|man|5|5|diesel|2015-11-14 18:10:06.993167+00|2016-01-27 20:40:15.46361+00|999.26
||105394|2000|1360|55|||None|man|3|5|gasoline|2015-11-14 18:10:07.036951+00|2016-01-27 20:40:15.46361+00|1665.43
skoda|favorit|41250|1990|1300|44|||None|man|5|5|gasoline|2015-11-14 18:10:07.051147+00|2016-01-27 20:40:15.46361+00|370.1
suzuki|swift|122100|2003|1000|39|||None|man|5|5|gasoline|2015-11-14 18:10:07.116629+00|2016-01-27 20:40:15.46361+00|999.26
nissan|x-trail|149465|2005|2500|121|||None|auto|5|5|gasoline|2015-11-14 18:10:07.484651+00|2016-01-27 20:40:15.46361+00|4811.25
||115879|2003|1900|88|||None|man|5|5|diesel|2015-11-14 18:10:07.571131+00|2016-01-27 20:40:15.46361+00|2220.58
opel|astra|316054|2005|1700|74|||None|man|5|5|diesel|2015-11-14 18:10:07.585332+00|2016-01-27 20:40:15.46361+00|2331.61
skoda|superb|269398|2005|1900|96|||None|man|4|5|diesel|2015-11-14 18:10:07.599502+00|2016-01-27 20:40:15.46361+00|4663.21
skoda|fabia|87257|2008|1200|44|||None|man|5|5|gasoline|2015-11-14 18:10:07.627383+00|2016-01-27 20:40:15.46361+00|4219.1
skoda|fabia|130340|2001|1400|50|||None|man|5|5|gasoline|2015-11-14 18:10:07.638178+00|2016-01-27 20:40:15.46361+00|2442.64
ford|focus|227415|2002|1800|85|||None|man|5|5|diesel|2015-11-14 18:10:07.648165+00|2016-01-27 20:40:15.46361+00|2146.56
||229642|2002|1900|75|||None|man|5|5|diesel|2015-11-14 18:10:07.672758+00|2016-01-27 20:40:15.46361+00|2220.58
ford|fiesta|84476|1997|1300|44|||None|man|5|5|gasoline|2015-11-14 18:10:07.683598+00|2016-01-27 20:40:15.46361+00|740.19
citroen|c4-picasso|112313|2007|1700|92|||None|man|5|7|gasoline|2015-11-14 18:10:07.694511+00|2016-01-27 20:40:15.46361+00|7105.85
seat|ibiza|86484|2007|1200|51|||None|man|5|5|gasoline|2015-11-14 18:10:07.729313+00|2016-01-27 20:40:15.46361+00|3700.96
kia||19400|2014|1400|73|||None|man|5|5|gasoline|2015-11-14 18:10:07.742572+00|2016-01-27 20:40:15.46361+00|10917.84
audi|a6|207427|2007|2700|132|||None|auto|5|5|diesel|2015-11-14 18:10:07.751048+00|2016-01-27 20:40:15.46361+00|8882.31
||44971|2011|1400|54|||None|man|5|5|gasoline|2015-11-14 18:10:07.761757+00|2016-01-27 20:40:15.46361+00|6291.64
suzuki|swift|113175|2013|1600|100|||None|man|3|4|gasoline|2015-11-14 18:10:07.784427+00|2016-01-27 20:40:15.46361+00|7401.92
kia|soul|40184|2010|1600|93|||None|man|5|5|gasoline|2015-11-14 18:10:07.792809+00|2016-01-27 20:40:15.46361+00|6883.79
kia||69525|2009|1400|80|||None|man|5|5|gasoline|2015-11-14 18:10:07.836955+00|2016-01-27 20:40:15.46361+00|6069.58
skoda|fabia|186838|2007|1400|59|||None|man|5|5|diesel|2015-11-14 18:10:07.85807+00|2016-01-27 20:40:15.46361+00|4293.12
skoda|fabia|97070|2007|1200|40|||None|man|5|5|gasoline|2015-11-14 18:10:07.963733+00|2016-01-27 20:40:15.46361+00|3182.83
rover||33955|2014|2200|110|||None|man|5|5|diesel|2015-11-14 18:10:07.973366+00|2016-01-27 20:40:15.46361+00|27757.22
||148201|2009|2000|103|||None|man|4|4|diesel|2015-11-14 18:10:08.015313+00|2016-01-27 20:40:15.46361+00|8882.31
ford|focus|159427|2012|1600|85|||None|man|5|5|diesel|2015-11-14 18:10:08.205531+00|2016-01-27 20:40:15.46361+00|8771.28
ford|galaxy|160235|2012|1600|85|||None|man|5|5|diesel|2015-11-14 18:10:08.286696+00|2016-01-27 20:40:15.46361+00|11102.89
skoda|roomster|125341|2007|1900|77|||None|man|5|5|diesel|2015-11-14 18:10:08.323233+00|2016-01-27 20:40:15.46361+00|5218.36
skoda|octavia|38513|2009|1600|75|||None|man|5|5|gasoline|2015-11-14 18:10:08.392798+00|2016-01-27 20:40:15.46361+00|7957.07
skoda|fabia|87777|2005|1400|51|||None|man|5|5|diesel|2015-11-14 18:10:08.414917+00|2016-01-27 20:40:15.46361+00|3256.85
skoda|fabia|98835|2005|1400|55|||None|man|5|5|diesel|2015-11-14 18:10:08.454386+00|2016-01-27 20:40:15.46361+00|3923.02
citroen|c5|143130|2011|1600|82|||None|man|5|5|diesel|2015-11-14 18:10:08.479129+00|2016-01-27 20:40:15.46361+00|7512.95
kia||61304|2009|1400|80|||None|man|5|5|gasoline|2015-11-14 18:10:08.488399+00|2016-01-27 20:40:15.46361+00|5810.51
ford|c-max|99713|2008|1600|74|||None|man|5|5|gasoline|2015-11-14 18:10:08.517679+00|2016-01-27 20:40:15.46361+00|6476.68
citroen|c1|78010|2006|1000|50|||None|man|5|4|gasoline|2015-11-14 18:10:08.538207+00|2016-01-27 20:40:15.46361+00|2627.68
audi|a8|4000|2014|4134|317|||None|auto|4|4|diesel|2015-11-14 18:10:08.564659+00|2016-01-27 20:40:15.46361+00|98692.3
skoda|octavia|101761|2009|1900|77|||None|man|5|5|diesel|2015-11-14 18:10:08.573448+00|2016-01-27 20:40:15.46361+00|9363.43
skoda|fabia|142093|2004|1200|47|||None|man|5|5|gasoline|2015-11-14 18:10:08.581695+00|2016-01-27 20:40:15.46361+00|2220.58
skoda|octavia|55569|2011|1600|77|||None|man|5|5|diesel|2015-11-14 18:10:08.593902+00|2016-01-27 20:40:15.46361+00|9548.48
audi|q7|283000|2007|2967|171|||None|auto|5|5|diesel|2015-11-14 18:10:08.621412+00|2016-01-27 20:40:15.46361+00|11806.07
skoda|fabia|137505|2005|1200|47|||None|man|5|4|gasoline|2015-11-14 18:10:08.657866+00|2016-01-27 20:40:15.46361+00|2183.57
skoda|roomster|50300|2008|1200|51|||None|man|5|5|gasoline|2015-11-14 18:10:08.684981+00|2016-01-27 20:40:15.46361+00|4922.28
ford|mondeo|164867|2012|2000|120|||None|man|5|5|diesel|2015-11-14 18:10:08.693466+00|2016-01-27 20:40:15.46361+00|11102.89
citroen|c5|126500|2006|1600|80|||None|man|5|5|diesel|2015-11-14 18:10:08.737376+00|2016-01-27 20:40:15.46361+00|3256.85
ford|focus|134000|2008|1600|80|||None|man|5|5|diesel|2015-11-14 18:10:08.76488+00|2016-01-27 20:40:15.46361+00|5107.33
||135389|2012|1600|77|||None|man|5|5|diesel|2015-11-14 18:10:08.772956+00|2016-01-27 20:40:15.46361+00|10732.79
||135585|2005|1600|83|||None|man|5|7|gasoline|2015-11-14 18:10:08.814552+00|2016-01-27 20:40:15.46361+00|3700.96
||124343|2013|1600|84|||None|auto|5|5|diesel|2015-11-14 18:10:08.823154+00|2016-01-27 20:40:15.46361+00|10214.66
||169028|2011|1600|82|||None|man|5|5|diesel|2015-11-14 18:10:08.848523+00|2016-01-27 20:40:15.46361+00|9326.42
||155075|2012|1600|82|||None|man|5|5|diesel|2015-11-14 18:10:08.8653+00|2016-01-27 20:40:15.46361+00|8993.34
skoda|octavia|127380|2006|1896|77|||None|man|5|5|diesel|2015-11-14 18:54:01.774102+00|2016-01-27 20:40:15.46361+00|4626.17
skoda|octavia|181450|2005|1896|77|||None|man|5|5|diesel|2015-11-14 18:54:01.800325+00|2016-01-27 20:40:15.46361+00|4252.41
skoda|octavia|151880|2007|1896|77|||None|man|5|5|diesel|2015-11-14 18:54:01.809961+00|2016-01-27 20:40:15.46361+00|4959.25
ford|galaxy|263000|1998|1998|85|||None|man|5|7|gasoline|2015-11-14 18:54:01.823634+00|2016-01-27 20:40:15.46361+00|740.19
skoda|octavia|132140|2010|1896|77|||None|man|5|5|diesel|2015-11-14 18:54:01.833045+00|2016-01-27 20:40:15.46361+00|7031.79
skoda|fabia|187669|2007|1422|51|||None|man|5|4|diesel|2015-11-14 18:54:01.841598+00|2016-01-27 20:40:15.46361+00|3327.17
toyota|auris|5|2015|1598|97|||None|man|5|5|gasoline|2015-11-14 18:54:01.851591+00|2016-01-27 20:40:15.46361+00|14985.2
toyota|aygo|5|2015|998|51|||None|man|5|4|gasoline|2015-11-14 18:54:01.867933+00|2016-01-27 20:40:15.46361+00|8878.57
||187510|2006|1968|103|||None|man|5|5|diesel|2015-11-14 18:54:01.886473+00|2016-01-27 20:40:15.46361+00|4441.12
skoda|superb|170220|2005|1896|96|||None|man|5|5|diesel|2015-11-14 18:54:01.89615+00|2016-01-27 20:40:15.46361+00|4108.07
citroen|c4|91960|2006|1360|65|||None|man|5|5|gasoline|2015-11-14 18:54:01.907636+00|2016-01-27 20:40:15.46361+00|3885.64
seat|leon|176536||1968|125|||None|man|5|5|diesel|2015-11-14 18:54:01.936872+00|2016-01-27 20:40:15.46361+00|6254.63
skoda|felicia|69000|1997|1598|55|||None|man|5|5|gasoline|2015-11-14 18:54:01.965445+00|2016-01-27 20:40:15.46361+00|1813.47
skoda|fabia|177974|2003|1200|40|||None|man|5|5|gasoline|2015-11-14 18:54:02.539846+00|2016-01-27 20:40:15.46361+00|1850.48
skoda|fabia|130749|2004|1200|47|||None|man|5|5|gasoline|2015-11-14 18:54:02.557776+00|2016-01-27 20:40:15.46361+00|2960.77
skoda|felicia|89799|1996|1300|50|||None|man|5|5|gasoline|2015-11-14 18:54:02.581457+00|2016-01-27 20:40:15.46361+00|962.25
||94480|2005|1400|55|||None|auto|4|5|gasoline|2015-11-14 18:54:02.5898+00|2016-01-27 20:40:15.46361+00|3552.92
ford|mondeo|191442|2006|2000|85|||None|man|5|5|diesel|2015-11-14 18:54:02.603404+00|2016-01-27 20:40:15.46361+00|3700.96
||194560|2007|1900|77|||None|man|5|5|diesel|2015-11-14 18:54:02.611636+00|2016-01-27 20:40:15.46361+00|5921.54
seat|ibiza|123300|2005|1200|47|||None|man|5|5|gasoline|2015-11-14 18:54:02.648267+00|2016-01-27 20:40:15.46361+00|2701.7
||99802|2002|1900|74|||None|man|5|5|diesel|2015-11-14 18:54:02.65777+00|2016-01-27 20:40:15.46361+00|3330.87
kia||43185|2010|1400|73|||None|man|5|5|gasoline|2015-11-14 18:54:02.666459+00|2016-01-27 20:40:15.46361+00|7401.92
citroen|xsara-picasso|159778|2002|1600|70|||None|man|5|5|gasoline|2015-11-14 18:54:02.674817+00|2016-01-27 20:40:15.46361+00|2220.58
skoda|octavia|173666|2008|2000|103|||None|man|5|5|diesel|2015-11-14 18:54:02.707599+00|2016-01-27 20:40:15.46361+00|9030.35
skoda|fabia|292165|2001|1400|50|||None|man|5|5|gasoline|2015-11-14 18:54:02.733117+00|2016-01-27 20:40:15.46361+00|1480.38
||91041|2007|1500|78|||None|man|5|7|diesel|2015-11-14 18:54:02.741505+00|2016-01-27 20:40:15.46361+00|6291.64
skoda|octavia|70295|2009|1900|74|||None|man|5|5|diesel|2015-11-14 18:54:02.75453+00|2016-01-27 20:40:15.46361+00|6994.82
ford|focus|176899|2008|1600|80|||None|man|5|5|diesel|2015-11-14 18:54:02.789903+00|2016-01-27 20:40:15.46361+00|4996.3
bmw|x6|107763|2008|3000|225|||None|auto|5|4|gasoline|2015-11-14 18:54:02.821173+00|2016-01-27 20:40:15.46361+00|22205.77
skoda|yeti|148100|2010|2000|103|||None|man|5|5|diesel|2015-11-14 18:54:02.829918+00|2016-01-27 20:40:15.46361+00|12213.18
bmw||65030|2012|2000|135|||None|auto|4|5|diesel|2015-11-14 18:54:02.852718+00|2016-01-27 20:40:15.46361+00|20355.29
hyundai|i20|29934|2010|1200|57|||None|man|5|5|gasoline|2015-11-14 18:54:02.869098+00|2016-01-27 20:40:15.46361+00|5773.5
citroen|c5|52542|2007|1700|92|||None|man|5|5|gasoline|2015-11-14 18:54:02.88719+00|2016-01-27 20:40:15.46361+00|5551.44
skoda|fabia|45128|2007|1200|51|||None|man|5|5|gasoline|2015-11-14 18:54:02.919133+00|2016-01-27 20:40:15.46361+00|4885.27
skoda|fabia|176533|2004|1400|55|||None|man|5|5|diesel|2015-11-14 18:54:14.637839+00|2016-01-27 20:40:15.46361+00|3182.83
ford|c-max|163810|2007|1800|85|||None|man|5|5|diesel|2015-11-14 18:54:14.661249+00|2016-01-27 20:40:15.46361+00|4811.25
opel|corsa|91743|2008|1200|59|||None|man|3|5|gasoline|2015-11-14 18:54:14.671847+00|2016-01-27 20:40:15.46361+00|4404.15
skoda|fabia|148165|2006|1900|74|||None|man|5|5|diesel|2015-11-14 18:54:14.682782+00|2016-01-27 20:40:15.46361+00|3700.96
citroen|xsara|164949|2005|2000|66|||None|man|5|None|diesel|2015-11-14 18:54:14.690473+00|2016-01-27 20:40:15.46361+00|2405.63
skoda|fabia|7993|2015|1200|81|||None|man|5|5|gasoline|2015-11-14 18:54:14.70052+00|2016-01-27 20:40:15.46361+00|11102.89
skoda|roomster|56145|2008|1200|51|||None|man|5|5|gasoline|2015-11-14 18:54:14.748641+00|2016-01-27 20:40:15.46361+00|5551.44
nissan|qashqai|44450|2010|2000|110|||None|man|5|5|diesel|2015-11-14 18:54:14.758092+00|2016-01-27 20:40:15.46361+00|13693.56
||297647|1992|1400|40|||None|man|3|5|gasoline|2015-11-14 18:54:14.766682+00|2016-01-27 20:40:15.46361+00|629.16
hyundai|accent|97682|2007|1500|81|||None|man|4|5|diesel|2015-11-14 18:54:14.774272+00|2016-01-27 20:40:15.46361+00|3700.96
||182282|2008|1900|85|||None|man|5|5|diesel|2015-11-14 18:54:14.786339+00|2016-01-27 20:40:15.46361+00|7401.92
||150000|2004|1500|74|||None|man|5|5|diesel|2015-11-14 18:54:14.81122+00|2016-01-27 20:40:15.46361+00|3330.87
||210866|1999|1800|110|||None|man|3|5|gasoline|2015-11-14 18:54:14.825026+00|2016-01-27 20:40:15.46361+00|1850.48
skoda|octavia|182668|2007|1600|75|||None|man|5|5|gasoline|2015-11-14 18:54:14.835211+00|2016-01-27 20:40:15.46361+00|5181.35
citroen|c4|99039|2006|1400|65|||None|man|5|5|gasoline|2015-11-14 18:54:14.868811+00|2016-01-27 20:40:15.46361+00|4071.06
ford|focus|158285|2001|1600|74|||None|man|5|5|gasoline|2015-11-14 18:54:14.876897+00|2016-01-27 20:40:15.46361+00|1702.44
||194352|2004|1800|110|||None|man|5|5|gasoline|2015-11-14 18:54:14.892127+00|2016-01-27 20:40:15.46361+00|2590.67
skoda|felicia|214038|1998|1600|55|||None|man|5|5|gasoline|2015-11-14 18:54:14.908849+00|2016-01-27 20:40:15.46361+00|1110.29
||173251|2011|2000|103|||None|man|5|5|diesel|2015-11-14 18:54:14.925296+00|2016-01-27 20:40:15.46361+00|10399.7
skoda|superb|218607|2008|2000|103|||None|man|5|5|diesel|2015-11-14 18:54:14.949427+00|2016-01-27 20:40:15.46361+00|7401.92
||143529|2003|1800|88|||None|man|5|5|gasoline|2015-11-14 18:54:15.023999+00|2016-01-27 20:40:15.46361+00|2701.7
ford|fusion|214961|2004|1400|50|||None|man|5|5|diesel|2015-11-14 18:54:15.032271+00|2016-01-27 20:40:15.46361+00|2220.58
skoda|octavia|105430|2008|1600|75|||None|man|5|5|gasoline|2015-11-14 18:54:15.614257+00|2016-01-27 20:40:15.46361+00|4811.25
skoda|fabia|112100|2007|1400|59|||None|man|5|4|gasoline|2015-11-14 18:54:15.622975+00|2016-01-27 20:40:15.46361+00|2886.75
skoda|roomster|117414|2006|1900|77|||None|man|5|5|diesel|2015-11-14 18:54:15.631931+00|2016-01-27 20:40:15.46361+00|5625.46
hyundai|ix35|67708|2014|2000|100|||None|auto|5|5|diesel|2015-11-14 18:54:15.644838+00|2016-01-27 20:40:15.46361+00|17764.62
||7|2015|1200|54|||None|man|5|5|gasoline|2015-11-14 18:54:15.654858+00|2016-01-27 20:40:15.46361+00|11658.03
||7|2015|1100|54|||None|man|5|5|gasoline|2015-11-14 18:54:15.670698+00|2016-01-27 20:40:15.46361+00|9252.41
||6|2015|1100|54|||None|man|5|5|gasoline|2015-11-14 18:54:15.683487+00|2016-01-27 20:40:15.46361+00|8882.31
skoda|octavia|173228|2008|1900|77|||None|man|5|5|diesel|2015-11-14 18:54:15.693904+00|2016-01-27 20:40:15.46361+00|7957.07
||8|2015|1100|54|||None|man|5|5|gasoline|2015-11-14 18:54:15.771859+00|2016-01-27 20:40:15.46361+00|8882.31
skoda|octavia|180990|2010|1900|77|||None|man|5|5|diesel|2015-11-14 18:54:15.783322+00|2016-01-27 20:40:15.46361+00|8512.21
toyota|avensis|113457|2012|2200|130|||None|man|5|5|diesel|2015-11-14 18:54:15.792238+00|2016-01-27 20:40:15.46361+00|12213.18
||157973|2010|1900|77|||None|man|5|7|diesel|2015-11-14 18:54:15.800912+00|2016-01-27 20:40:15.46361+00|8956.33
hyundai|ix35|11891|2014|2000|100|||None|auto|5|5|diesel|2015-11-14 18:54:15.809414+00|2016-01-27 20:40:15.46361+00|19985.2
fiat|stilo|63588|2004|1600|76|||None|man|5|5|gasoline|2015-11-14 18:54:15.832204+00|2016-01-27 20:40:15.46361+00|2960.77
skoda|octavia|156168|2010|2000|103|||None|man|5|5|diesel|2015-11-14 18:54:15.864602+00|2016-01-27 20:40:15.46361+00|12213.18
skoda|fabia|121452|2012|1600|55|||None|man|5|5|diesel|2015-11-14 18:54:15.873231+00|2016-01-27 20:40:15.46361+00|6661.73
skoda|fabia|187079|2011|1600|55|||None|man|5|5|diesel|2015-11-14 18:54:15.889676+00|2016-01-27 20:40:15.46361+00|5921.54
hyundai|i30|8247|2015|1600|81|||None|man|5|5|diesel|2015-11-14 18:54:15.93251+00|2016-01-27 20:40:15.46361+00|12953.37
skoda|fabia|79348|2005|1200|47|||None|man|5|5|gasoline|2015-11-14 18:54:15.951198+00|2016-01-27 20:40:15.46361+00|2960.77
toyota|aygo|14221|2012|1000|50|||None|man|5|4|gasoline|2015-11-14 18:54:15.984835+00|2016-01-27 20:40:15.46361+00|6328.65
ford|mondeo|302711|2003|2000|96|||None|man|5|5|diesel|2015-11-14 18:54:16.004304+00|2016-01-27 20:40:15.46361+00|2590.67
skoda|octavia|220177|2008|1900|77|||None|man|5|5|diesel|2015-11-14 18:54:16.02171+00|2016-01-27 20:40:15.46361+00|5773.5
ford|focus|206706|2006|1600|80|||None|man|5|5|diesel|2015-11-14 18:54:16.040493+00|2016-01-27 20:40:15.46361+00|3330.87
skoda|octavia|199487|2006|2000|103|||None|man|5|5|diesel|2015-11-14 18:54:16.048973+00|2016-01-27 20:40:15.46361+00|6291.64
skoda|citigo|10349|2014|1000|44|||None|auto|5|4|gasoline|2015-11-14 18:54:16.065008+00|2016-01-27 20:40:15.46361+00|8142.12
hyundai|ix20|23196|2013|1400|66|||None|man|5|5|gasoline|2015-11-14 18:54:16.114936+00|2016-01-27 20:40:15.46361+00|9807.55
ford|c-max|73103|2009|1600|74|||None|man|5|5|gasoline|2015-11-14 18:54:16.402138+00|2016-01-27 20:40:15.46361+00|7179.87
skoda|fabia|55261|2006|1200|40|||None|man|5|5|gasoline|2015-11-14 18:54:16.430545+00|2016-01-27 20:40:15.46361+00|2775.72
opel|omega|270000|2000|2172|88|||None|man|5|5|diesel|2015-11-14 18:54:16.453928+00|2016-01-27 20:40:15.46361+00|1184.31
seat|ibiza|121353|2003|1200|47|||None|man|5|5|gasoline|2015-11-14 18:54:16.462313+00|2016-01-27 20:40:15.46361+00|1961.51
skoda|octavia|88000|2007|1598|85|||None|man|None|None|gasoline|2015-11-14 18:54:16.496327+00|2016-01-27 20:40:15.46361+00|5736.49
audi|a6|275000|2004|2967|165|||None|auto|4|5|diesel|2015-11-14 18:54:16.519192+00|2016-01-27 20:40:15.46361+00|3293.86
citroen|c5|165639|2005|1560|80|||None|man|5|5|diesel|2015-11-14 18:54:16.555826+00|2016-01-27 20:40:15.46361+00|3478.9
||250000|2006|1998|103|||None|man|5|5|diesel|2015-11-14 18:54:16.565866+00|2016-01-27 20:40:15.46361+00|4811.25
skoda|superb|195000|2010|1968|103|||None|man|5|5|diesel|2015-11-14 18:54:16.579726+00|2016-01-27 20:40:15.46361+00|11658.03
||246000|1994|1598|55|||None||None|None|gasoline|2015-11-14 18:54:16.621606+00|2016-01-27 20:40:15.46361+00|296.08
||327134|2006|2000|103|||None|auto|5|5|diesel|2015-11-14 18:54:16.648295+00|2016-01-27 20:40:15.46361+00|6254.63
||62134|2007|998|50|||None|man|5|4|gasoline|2015-11-14 18:54:16.673216+00|2016-01-27 20:40:15.46361+00|2923.76
volvo|xc90|197000|2006|3192|175|||None|auto|5|5|gasoline|2015-11-14 18:54:16.683235+00|2016-01-27 20:40:15.46361+00|9215.4
hyundai|i30|77572|2011|1600|66|||None|man|5|5|diesel|2015-11-14 18:54:16.69199+00|2016-01-27 20:40:15.46361+00|7364.91
skoda|octavia|177106|2006|1900|77|||None|man|5|5|diesel|2015-11-14 18:54:16.700486+00|2016-01-27 20:40:15.46361+00|5662.47
opel|astra|176915|2005|2000|125|||None|man|2|5|gasoline|2015-11-14 18:54:16.768458+00|2016-01-27 20:40:15.46361+00|4441.15
ford|focus|94763|2009|1800|85|||None|man|5|5|diesel|2015-11-14 18:54:16.787109+00|2016-01-27 20:40:15.46361+00|6106.55
skoda|fabia|115800|2007|1400|59|||None|man|5|5|gasoline|2015-11-14 18:54:16.797422+00|2016-01-27 20:40:15.46361+00|4437.45
||131662|2009|2000|103|||None|man|4|5|diesel|2015-11-14 18:54:16.891463+00|2016-01-27 20:40:15.46361+00|12583.23
||270000|2003|3498|177|||None|auto|5|7|gasoline|2015-11-14 18:55:20.712972+00|2016-01-27 20:40:15.46361+00|2516.65
rover||129000|2011|2993|180|||None|auto|5|5|diesel|2015-11-14 18:55:20.729006+00|2016-01-27 20:40:15.46361+00|32897.41
||305000|2000|1893|85|||None|man|3|5|diesel|2015-11-14 18:55:20.738773+00|2016-01-27 20:40:15.46361+00|1813.47
skoda|fabia|86183|2002|1200|40|||None|man|5|5|gasoline|2015-11-14 18:55:20.748938+00|2016-01-27 20:40:15.46361+00|2035.53
||152055|2000|1500|63|||None|man|3|5|gasoline|2015-11-14 18:55:20.77001+00|2016-01-27 20:40:15.46361+00|1480.38
skoda|octavia|119732|2006|1900|77|||None|man|5|5|diesel|2015-11-14 18:55:20.784169+00|2016-01-27 20:40:15.46361+00|5218.36
ford|c-max|67232|2009|1600|74|||None|man|5|5|gasoline|2015-11-14 18:55:20.797498+00|2016-01-27 20:40:15.46361+00|6809.77
skoda|fabia|51108|2008|1200|51|||None|man|5|5|gasoline|2015-11-14 18:55:20.823778+00|2016-01-27 20:40:15.46361+00|5662.47
skoda|fabia|145000||1598|77|||None|man|5|5|gasoline|2015-11-14 18:55:20.833033+00|2016-01-27 20:40:15.46361+00|6550.7
chevrolet|cruze|135968|2013|1998|120|||None|man|5|5|diesel|2015-11-14 18:55:20.84308+00|2016-01-27 20:40:15.46361+00|9585.49
hyundai|santa-fe|184000||2199|145|||None|auto|5|5|diesel|2015-11-14 18:55:20.861638+00|2016-01-27 20:40:15.46361+00|14359.73
skoda|octavia|55097|2011|1600|75|||None|man|5|5|gasoline|2015-11-14 18:55:20.871496+00|2016-01-27 20:40:15.46361+00|7179.87
mazda|6|165000|2003|1798|88|||None|man|5|5|gasoline|2015-11-14 18:55:20.901597+00|2016-01-27 20:40:15.46361+00|2923.76
hyundai|accent|121553|2004|1300|62|||None|man|5|5|gasoline|2015-11-14 18:55:20.909612+00|2016-01-27 20:40:15.46361+00|1517.39
||92712|2006|1200|40|||None|man|5|5|gasoline|2015-11-14 18:55:20.919285+00|2016-01-27 20:40:15.46361+00|3811.99
skoda|fabia|99000|2006|1200|40|||None|man|5|5|gasoline|2015-11-14 18:55:20.972186+00|2016-01-27 20:40:15.46361+00|2183.57
||290000|2007|2464|107|||None|man|4|6|diesel|2015-11-14 18:55:21.438787+00|2016-01-27 20:40:15.46361+00|9215.4
citroen|c4-picasso|94895|2009|1560|80|||None|auto|5|5|diesel|2015-11-14 18:55:21.449986+00|2016-01-27 20:40:15.46361+00|7216.88
skoda|octavia|168888|2004|1595|75|||None|man|None|None|gasoline|2015-11-14 18:55:21.461643+00|2016-01-27 20:40:15.46361+00|2405.63
skoda|octavia|173000|2006|1595|75|||None|man|None|None|gasoline|2015-11-14 18:55:21.488881+00|2016-01-27 20:40:15.46361+00|3515.91
jeep|grand-cherokee|191306|2007|2987|160|||None|auto|5|5|diesel|2015-11-14 18:55:21.499274+00|2016-01-27 20:40:15.46361+00|7768.39
citroen|xsara-picasso|193000|2001|1749|85|||None|man|5|5|gasoline|2015-11-14 18:55:21.52825+00|2016-01-27 20:40:15.46361+00|1443.38
citroen|saxo|128000|2002|1124|44|||None|man|3|5|gasoline|2015-11-14 18:55:21.538051+00|2016-01-27 20:40:15.46361+00|1406.37
||268140|2002|2498|111|||None|man|5|7|diesel|2015-11-14 18:55:21.601177+00|2016-01-27 20:40:15.46361+00|9433.75
mercedes-benz||176830|2005|1992|103|||None|man|5|5|diesel|2015-11-14 18:55:21.61103+00|2016-01-27 20:40:15.46361+00|6106.59
skoda|octavia|30351|2015|1798|132|||None|man|5|None|gasoline|2015-11-14 18:55:21.630333+00|2016-01-27 20:40:15.46361+00|16839.38
nissan|x-trail|166000|2006|2184|100|||None|man|5|5|diesel|2015-11-14 18:55:21.665555+00|2016-01-27 20:40:15.46361+00|5840.12
ford|galaxy|156000|2007|1997|103|||None|man|5|7|diesel|2015-11-14 18:55:21.675815+00|2016-01-27 20:40:15.46361+00|7949.67
opel|insignia|129000|2012|1956|96|||None|man|5|5|diesel|2015-11-14 18:55:21.72436+00|2016-01-27 20:40:15.46361+00|10651.37
audi|a8|275000|2007|2967|171|||None|auto|4|5|diesel|2015-11-14 18:55:21.735616+00|2016-01-27 20:40:15.46361+00|10325.68
ford|galaxy|167000|2012|2179|147|||None|man|5|7|diesel|2015-11-14 18:55:21.744625+00|2016-01-27 20:40:15.46361+00|14796.45
||166000|2001|1598|79|||None|man|5|5|gasoline|2015-11-14 18:55:21.753525+00|2016-01-27 20:40:15.46361+00|2183.57
skoda|octavia|173000|2003|1984|85|||None|man|None|None|gasoline|2015-11-14 18:55:21.79531+00|2016-01-27 20:40:15.46361+00|2849.74
||186500|2009|2967|176|||None|auto|5|5|diesel|2015-11-14 18:55:21.820606+00|2016-01-27 20:40:15.46361+00|15499.63
skoda|fabia|199000|2012|1598|66|||None|man|5|5|diesel|2015-11-14 18:55:21.83207+00|2016-01-27 20:40:15.46361+00|4766.84
||246000|2002|1896|74|||None|man|None|None|diesel|2015-11-14 18:55:21.867258+00|2016-01-27 20:40:15.46361+00|2331.61
opel|vivaro|222616||1870|74|||None||5|9|diesel|2015-11-14 18:55:21.877751+00|2016-01-27 20:40:15.46361+00|7398.22
skoda|octavia|151361|2010|1900|74|||None|man|5|5|diesel|2015-11-14 18:55:21.889243+00|2016-01-27 20:40:15.46361+00|6291.64
opel|vivaro|154806||1995|84|||None||5|9|diesel|2015-11-14 18:55:21.906142+00|2016-01-27 20:40:15.46361+00|8138.42
hyundai|ix35|29413|2012|1600|99|||None|man|5|5|gasoline|2015-11-14 18:55:21.931668+00|2016-01-27 20:40:15.46361+00|14211.7
bmw||232194|2007|2993|145|||None|auto|5|5|diesel|2015-11-14 18:55:22.40269+00|2016-01-27 20:40:15.46361+00|8453.0
skoda|felicia|82260|1996|1289|50|||None|man|5|5|gasoline|2015-11-14 18:55:22.43982+00|2016-01-27 20:40:15.46361+00|1106.59
opel|corsa|168130|2004|998|44|||None|man|3|5|gasoline|2015-11-14 18:55:22.52886+00|2016-01-27 20:40:15.46361+00|1813.47
||167000||1587|80|||None|man|5|5|gasoline|2015-11-14 18:55:22.566725+00|2016-01-27 20:40:15.46361+00|4256.11
||105997||1197|77|||None|man|None|5|gasoline|2015-11-14 18:55:22.576457+00|2016-01-27 20:40:15.46361+00|8105.11
mercedes-benz||86000|2008|1699|85|||None|man|5|5|gasoline|2015-11-14 18:55:22.597948+00|2016-01-27 20:40:15.46361+00|6550.7
fiat|croma|179000|2007|1910|110|||None|man|5|5|diesel|2015-11-14 18:55:22.628658+00|2016-01-27 20:40:15.46361+00|3886.01
subaru|impreza|190000|2002|1997|160|||None|man|4|5|gasoline|2015-11-14 18:55:22.643171+00|2016-01-27 20:40:15.46361+00|7401.89
mazda|5|200000|2006|1998|81|||None|man|5|7|diesel|2015-11-14 18:55:22.699154+00|2016-01-27 20:40:15.46361+00|4811.25
||327878||1896|81|||None|man|5|5|diesel|2015-11-14 18:55:22.732761+00|2016-01-27 20:40:15.46361+00|1813.47
skoda|roomster|124000|2007|1390|63|||None|man|5|5|gasoline|2015-11-14 18:55:22.75587+00|2016-01-27 20:40:15.46361+00|4700.22
toyota|yaris|109800|2006|1298|64|||None|man|5|5|gasoline|2015-11-14 18:55:22.7707+00|2016-01-27 20:40:15.46361+00|4256.11
ford|mondeo|188000|2002|1999|107|||None|man|5|5|gasoline|2015-11-14 18:55:22.790949+00|2016-01-27 20:40:15.46361+00|2183.57
ford|focus|148000|2001|1798||||None|man|None|None|gasoline|2015-11-14 18:55:22.802561+00|2016-01-27 20:40:15.46361+00|2035.53
||288609||1997|80|||None|man|4|6|diesel|2015-11-14 18:55:22.818931+00|2016-01-27 20:40:15.46361+00|2216.88
||167934|2004|1997|66|||None|man|5|5|diesel|2015-11-14 18:55:22.847093+00|2016-01-27 20:40:15.46361+00|2368.58
hyundai|sonata|119000|2007|1991|103|||None|man|4|5|diesel|2015-11-14 18:55:22.857311+00|2016-01-27 20:40:15.46361+00|4774.24
audi|a4|228000|2008|1968|100|||None|man|5|5|diesel|2015-11-14 18:55:22.877382+00|2016-01-27 20:40:15.46361+00|8845.3
citroen|xsara-picasso|117846|2006|1587|80|||None|man|5|5|gasoline|2015-11-14 18:55:22.946793+00|2016-01-27 20:40:15.46361+00|3697.26
skoda|octavia|187520|2009|1896|77|||None|man|5|5|diesel|2015-11-14 18:55:22.956648+00|2016-01-27 20:40:15.46361+00|6476.68
ford|focus|136074|2011|1600|70|||None|man|5|5|diesel|2015-11-14 18:55:23.255339+00|2016-01-27 20:40:15.46361+00|8138.45
ford|mondeo|137382|2011|2000|103|||None|man|5|5|diesel|2015-11-14 18:55:23.284315+00|2016-01-27 20:40:15.46361+00|10173.95
ford|fiesta|138000|2004|1398|59|||None|man|3|5|gasoline|2015-11-14 18:55:23.293734+00|2016-01-27 20:40:15.46361+00|2553.66
||288000|1998|1896|50|||None|man|4|None|diesel|2015-11-14 18:55:23.325714+00|2016-01-27 20:40:15.46361+00|2405.63
kia|rio|92080|2006|1400|71|||None|man|5|5|gasoline|2015-11-14 18:55:23.3348+00|2016-01-27 20:40:15.46361+00|3700.96
mercedes-benz||198000|2011|2143|150|||None|auto|5|5|diesel|2015-11-14 18:55:23.350619+00|2016-01-27 20:40:15.46361+00|15506.99
opel|meriva|90000|2006|1364|66|||None|man|5|5|gasoline|2015-11-14 18:55:23.379843+00|2016-01-27 20:40:15.46361+00|3327.17
ford|mondeo|141000|2010|1997|129|||None|man|5|5|diesel|2015-11-14 18:55:23.421917+00|2016-01-27 20:40:15.46361+00|11065.84
ford|tourneo-connect|154000|2010|1798|66|||None|man|5|5|diesel|2015-11-14 18:55:23.436125+00|2016-01-27 20:40:15.46361+00|6254.59
jeep|grand-cherokee|149000|2001|3124|103|||None|man|5|5|diesel|2015-11-14 18:55:23.451034+00|2016-01-27 20:40:15.46361+00|3660.25
fiat|marea|300017|2000|1581|76|||None|man|5|5|gasoline|2015-11-14 18:55:23.485834+00|2016-01-27 20:40:15.46361+00|736.49
citroen|c3|143000||1124|44|||None|man|5|5|gasoline|2015-11-14 18:55:23.496688+00|2016-01-27 20:40:15.46361+00|2553.66
||156000||1390|55|||None|man|4|5|gasoline|2015-11-14 18:55:23.519603+00|2016-01-27 20:40:15.46361+00|1846.78
fiat|grande-punto|108500||1248|55|||None|man|5|5|diesel|2015-11-14 18:55:23.54287+00|2016-01-27 20:40:15.46361+00|2757.22
fiat|bravo|185000||1596|76|||None|man|3|5|gasoline|2015-11-14 18:55:23.566866+00|2016-01-27 20:40:15.46361+00|1036.27
skoda|octavia|178000||1896|66|||None|man|5|5|diesel|2015-11-14 18:55:23.602559+00|2016-01-27 20:40:15.46361+00|2586.97
chrysler|pt-cruiser|0||1996|104|||None||5|5|gasoline|2015-11-14 18:55:23.647725+00|2016-01-27 20:40:15.46361+00|2586.97
seat|ibiza|145137|1998|1390|40|||None|man|5|5|gasoline|2015-11-14 18:55:23.73883+00|2016-01-27 20:40:15.46361+00|736.49
||233723|2002|1896|96|||None|man|5|5|diesel|2015-11-14 18:55:23.842495+00|2016-01-27 20:40:15.46361+00|3515.54
skoda|octavia|215669|2005|1896|77|||None|man|5|5|diesel|2015-11-14 18:55:23.892127+00|2016-01-27 20:40:15.46361+00|6254.63
hyundai|getz|78700|2008|1399|71|||None|man|5|5|gasoline|2015-11-14 18:55:23.905064+00|2016-01-27 20:40:15.46361+00|2590.64
nissan|micra|75000|1998|998|40|||None|man|3|5|gasoline|2015-11-14 18:55:23.955223+00|2016-01-27 20:40:15.46361+00|1110.25
||217500|1999|2461|111|||None|man|4|8|diesel|2015-11-14 18:55:23.972344+00|2016-01-27 20:40:15.46361+00|8475.2
bmw||119000|2004|4398|245|||None|auto|2|4|gasoline|2015-11-14 18:55:23.981069+00|2016-01-27 20:40:15.46361+00|14766.84
suzuki|alto|63927|1997|993|40|||None|man|5|5|gasoline|2015-11-14 18:55:23.997526+00|2016-01-27 20:40:15.46361+00|740.19
opel|corsa|0|2015|1398|66|||None|man|5|5|gasoline|2015-11-14 18:55:24.010886+00|2016-01-27 20:40:15.46361+00|11626.94
opel|corsa|0|2015|1398|66|||None|man|5|5|gasoline|2015-11-14 18:55:24.042981+00|2016-01-27 20:40:15.46361+00|11170.8
hyundai|i20|1500|2015|1120|55|||None|man|5|5|diesel|2015-11-14 18:55:24.095925+00|2016-01-27 20:40:15.46361+00|8511.84
||31300|1989|1289|40|||None||5|5|gasoline|2015-11-14 18:55:24.105457+00|2016-01-27 20:40:15.46361+00|2035.53
||152000|2006|3564|190|||None|auto|5|7|gasoline|2015-11-14 18:55:24.165323+00|2016-01-27 20:40:15.46361+00|8475.2
bmw||238000|1998|1950|100|||None|man|4|5|diesel|2015-11-14 18:55:24.25901+00|2016-01-27 20:40:15.46361+00|2035.53
||241000|2008|1968|125|||None|auto|5|5|diesel|2015-11-14 18:55:24.387192+00|2016-01-27 20:40:15.46361+00|6624.69
ford|focus|134000|2007|1560|80|||None|man|5|5|diesel|2015-11-14 18:55:24.48269+00|2016-01-27 20:40:15.46361+00|4626.2
lancia|lybra|211557|2000|1581|76|||None|man|4|5|gasoline|2015-11-14 18:55:24.491474+00|2016-01-27 20:40:15.46361+00|1291.64
seat|altea|120000||1595|75|||None|man|5|5|gasoline|2015-11-14 18:55:24.500109+00|2016-01-27 20:40:15.46361+00|6106.59
kia|sorento|125000|2008|3400|182|||None|auto|None|None|gasoline|2015-11-14 18:55:24.536984+00|2016-01-27 20:40:15.46361+00|5366.4
skoda|fabia|99776|2005|1198|40|||None|man|5|5|gasoline|2015-11-14 18:55:24.576043+00|2016-01-27 20:40:15.46361+00|2586.97
||159375|2003|1149|55|||None|man|3|4|gasoline|2015-11-14 18:55:24.603097+00|2016-01-27 20:40:15.46361+00|1402.66
fiat|barchetta|98000|1997|1747|96|||None|man|2|2|gasoline|2015-11-14 18:55:24.637466+00|2016-01-27 20:40:15.46361+00|5551.44
||110758|2003|989|43|||None|man|3|4|gasoline|2015-11-14 18:55:24.653494+00|2016-01-27 20:40:15.46361+00|1476.68
||205000|2011|1968|103|||None|auto|5|5|diesel|2015-11-14 18:55:24.663514+00|2016-01-27 20:40:15.46361+00|10695.78
ford|focus|235000|2004|1753|74|||None|man|5|5|diesel|2015-11-14 18:55:24.672889+00|2016-01-27 20:40:15.46361+00|1702.44
smart|fortwo|178068|1999|599|40|||None|auto|3|2|gasoline|2015-11-14 18:55:24.713181+00|2016-01-27 20:40:15.46361+00|1846.78
skoda|felicia|207100|1999|1289|50|||None|man|5|5|gasoline|2015-11-14 18:55:24.853537+00|2016-01-27 20:40:15.46361+00|703.18
hyundai|ix35|124000|2010|1995|135|||None|auto|5|5|diesel|2015-11-14 18:55:24.864667+00|2016-01-27 20:40:15.46361+00|13323.43
skoda|fabia|62500|2011|1197|77|||None|auto|5|5|gasoline|2015-11-14 18:55:24.875138+00|2016-01-27 20:40:15.46361+00|8105.11
||191000|2007|1896|77|||None|man|5|7|diesel|2015-11-14 18:55:24.884893+00|2016-01-27 20:40:15.46361+00|7031.79
audi|a7|95000|2012|2967|180|||None|auto|5|5|diesel|2015-11-14 18:55:24.900989+00|2016-01-27 20:40:15.46361+00|33304.96
skoda|superb|189016|2014|1968|103|||None|man|5|5|diesel|2015-11-14 18:55:24.919535+00|2016-01-27 20:40:15.46361+00|14800.15
||231936|1999|1390|70|||None|man|5|5|gasoline|2015-11-14 18:55:24.961558+00|2016-01-27 20:40:15.46361+00|703.18
skoda|fabia|117000|2003|1397|50|||None|man|5|5|gasoline|2015-11-14 18:55:24.989606+00|2016-01-27 20:40:15.46361+00|2405.63
skoda|octavia|45126|2010|1598|77|||None|man|5|None|diesel|2015-11-14 18:55:25.13655+00|2016-01-27 20:40:15.46361+00|9807.18
skoda|yeti|74000|2012|1968|125|||None|man|5|6|diesel|2015-11-14 18:55:25.15431+00|2016-01-27 20:40:15.46361+00|17020.73
ford|mondeo|232052||1998|96|||None|auto|5|5|diesel|2015-11-14 18:55:25.178852+00|2016-01-27 20:40:15.46361+00|2553.66
skoda|fabia|115509||1390|63|||None|man|5|5|gasoline|2015-11-14 18:55:25.193779+00|2016-01-27 20:40:15.46361+00|5658.77
fiat|bravo|140004||1598|77|||None|man|5|5|diesel|2015-11-14 18:55:25.218929+00|2016-01-27 20:40:15.46361+00|3663.95
ford|c-max|184400|2006|1560|80|||None|man|5|5|diesel|2015-11-14 18:55:25.286931+00|2016-01-27 20:40:15.46361+00|3142.12
fiat|multipla|198400|2002|1596|76|||None|man|5|5|gasoline|2015-11-14 18:55:25.297785+00|2016-01-27 20:40:15.46361+00|1846.78
||202570|2002|1360|55|||None|man|5|5|gasoline|2015-11-14 18:55:25.348245+00|2016-01-27 20:40:15.46361+00|2142.86
ford|fiesta|96015|2006|1299|44|||None||3|5|gasoline|2015-11-14 18:55:25.394166+00|2016-01-27 20:40:15.46361+00|2775.72
||107600|2012|1498|79|||None|man|5|7|diesel|2015-11-14 18:55:25.415869+00|2016-01-27 20:40:15.46361+00|7768.32
opel|zafira|161168||1910|110|||None|man|5|7|diesel|2015-11-14 18:55:25.480784+00|2016-01-27 20:40:15.46361+00|5514.43
||309253||||||None|auto|4|4|diesel|2015-11-14 18:55:25.491578+00|2016-01-27 20:40:15.46361+00|9215.4
ford|c-max|215000|2005|1596|74|||None|man|5|5|gasoline|2015-11-14 18:55:25.540652+00|2016-01-27 20:40:15.46361+00|3293.86
volvo|xc60|191000|2008|2400|136|||None|auto|None|None|diesel|2015-11-14 18:55:25.550121+00|2016-01-27 20:40:15.46361+00|9030.35
citroen|xantia|213086|1999|1998|97|||None|man|5|5|gasoline|2015-11-14 18:55:25.594626+00|2016-01-27 20:40:15.46361+00|370.1
nissan|350-z|59000|2004|3498|206|||None||None|None|gasoline|2015-11-14 18:55:25.634504+00|2016-01-27 20:40:15.46361+00|9955.59
skoda|octavia|245000|1998|1896|81|||None|man|5|5|diesel|2015-11-14 18:55:25.646005+00|2016-01-27 20:40:15.46361+00|1776.46
citroen|c5|164000|2012|1997|103|||None|man|5|5|diesel|2015-11-14 18:55:25.659379+00|2016-01-27 20:40:15.46361+00|9585.49
skoda|octavia|71000|2012|1968|81|||None|man|5|5|diesel|2015-11-14 18:55:25.670459+00|2016-01-27 20:40:15.46361+00|11065.88
skoda|octavia|176000||1598|77|||None|man|5|5|diesel|2015-11-14 18:55:25.740754+00|2016-01-27 20:40:15.46361+00|8104.66
skoda|octavia|158000||1598|77|||None|man|5|5|diesel|2015-11-14 18:55:25.755692+00|2016-01-27 20:40:15.46361+00|8474.76
skoda|octavia|51000|2009|1896|77|||None|man|5|5|diesel|2015-11-14 18:55:25.821271+00|2016-01-27 20:40:15.46361+00|9622.5
skoda|octavia|45000|2012|1968|103|||None|man|5|5|diesel|2015-11-14 18:55:25.8319+00|2016-01-27 20:40:15.46361+00|13319.76
||65600||1197|77|||None|man|5|5|gasoline|2015-11-14 18:55:25.841564+00|2016-01-27 20:40:15.46361+00|9955.59
skoda|octavia|149457|2011|1798|118|||None|man|5|5|gasoline|2015-11-14 18:55:25.852295+00|2016-01-27 20:40:15.46361+00|10544.04
skoda|octavia|13400|2015|1968|110|||None|auto|5|5|diesel|2015-11-14 18:55:25.936652+00|2016-01-27 20:40:15.46361+00|22202.07
skoda|fabia|81370|2013|1598|66|||None|man|5|5|diesel|2015-11-14 18:55:25.947249+00|2016-01-27 20:40:15.46361+00|7364.91
skoda|octavia|229400||1968|103|||None|man|5|5|gasoline|2015-11-14 18:55:26.019771+00|2016-01-27 20:40:15.46361+00|6106.59
hyundai||114075|1998|999|40|||None||5|5|gasoline|2015-11-14 18:55:26.070815+00|2016-01-27 20:40:15.46361+00|1106.59
skoda|octavia|123667||1896|66|||None|man|5|5|diesel|2015-11-14 18:55:26.080169+00|2016-01-27 20:40:15.46361+00|4774.24
skoda|superb|286000||1896|96|||None|man|4|5|diesel|2015-11-14 18:55:26.098035+00|2016-01-27 20:40:15.46361+00|4256.11
skoda|octavia|287878|1997|1598|55|||None||None|None|gasoline|2015-11-14 18:55:26.106523+00|2016-01-27 20:40:15.46361+00|407.11
fiat|punto|134299|1994|1108|40|||None|man|3|4|gasoline|2015-11-14 18:55:26.118365+00|2016-01-27 20:40:15.46361+00|403.03
||115000|2009|1390|59|||None||5|5|gasoline|2015-11-14 18:55:26.16207+00|2016-01-27 20:40:15.46361+00|6476.68
fiat|punto|155000|2003|1248|51|||None|man|5|5|diesel|2015-11-14 18:55:26.197068+00|2016-01-27 20:40:15.46361+00|1476.68
ford|focus|95472|2001|1753|66|||None|man|5|5|diesel|2015-11-14 18:55:26.20665+00|2016-01-27 20:40:15.46361+00|2213.18
skoda|octavia|229350|2012|1968|103|||None|man|5|5|diesel|2015-11-14 18:55:26.215479+00|2016-01-27 20:40:15.46361+00|7953.37
audi|a6|44353|2013|2967|230|||None|auto|5|5|diesel|2015-11-14 18:55:26.256959+00|2016-01-27 20:40:15.46361+00|51776.46
||161000||1956|125|||None|man|5|5|diesel|2015-11-14 18:55:26.26685+00|2016-01-27 20:40:15.46361+00|10325.72
||18896|2012|1968|125|||None|auto|5|5|diesel|2015-11-14 18:55:26.278363+00|2016-01-27 20:40:15.46361+00|24056.25
mazda|6|194863|2008|2488|125|||None|man|5|5|gasoline|2015-11-14 18:55:26.320227+00|2016-01-27 20:40:15.46361+00|9248.7
seat|toledo|162470|2005|1968|103|||None|man|5|5|diesel|2015-11-14 18:55:26.361671+00|2016-01-27 20:40:15.46361+00|3660.25
ford|mondeo|159217|2005|1998|96|||None|man|5|5|diesel|2015-11-14 18:55:26.371934+00|2016-01-27 20:40:15.46361+00|3252.7
audi|a6|270000||2698|132|||None|auto|5|5|diesel|2015-11-14 18:55:26.421314+00|2016-01-27 20:40:15.46361+00|6217.62
toyota|yaris|45000||1329|74|||None|man|5|5|gasoline|2015-11-14 18:55:26.432229+00|2016-01-27 20:40:15.46361+00|6883.79
toyota|avensis|98300|2003|1794|95|||None|man|5|5|gasoline|2015-11-14 18:55:26.449021+00|2016-01-27 20:40:15.46361+00|5514.43
suzuki||5|2015||88|||None|man|None|None|gasoline|2015-11-14 18:55:26.460291+00|2016-01-27 20:40:15.46361+00|13619.54
||169600|2001|1124|44|||None|man|5|5|gasoline|2015-11-14 18:55:26.526911+00|2016-01-27 20:40:15.46361+00|1291.64
mercedes-benz||26786||1595|115|||None|man|5|5|gasoline|2015-11-14 18:55:26.536289+00|2016-01-27 20:40:15.46361+00|29570.73
bmw||232000|2004|2993|160|||None|man|4|5|diesel|2015-11-14 18:55:26.583273+00|2016-01-27 20:40:15.46361+00|5514.43
||157257||1595|74|||None|man|3|5|gasoline|2015-11-14 18:55:26.638354+00|2016-01-27 20:40:15.46361+00|1480.38
bmw||128420|1997|1596|75|||None|auto|3|5|gasoline|2015-11-14 18:55:26.648025+00|2016-01-27 20:40:15.46361+00|1073.28
||230726|1999|1781|110|||None|man|5|5|gasoline|2015-11-14 18:55:26.65975+00|2016-01-27 20:40:15.46361+00|1291.64
skoda|octavia|162000|2009|1896|77|||None|man|5|5|diesel|2015-11-14 18:55:26.696496+00|2016-01-27 20:40:15.46361+00|7401.92
fiat|panda|82524|2010|1108|40|||None|man|5|5|gasoline|2015-11-14 18:55:26.708006+00|2016-01-27 20:40:15.46361+00|2553.66
bmw||151650|2007|1995|105|||None|man|3|4|diesel|2015-11-14 18:55:26.747627+00|2016-01-27 20:40:15.46361+00|5514.43
||168000|2004|1598|83|||None|man|5|5|gasoline|2015-11-14 18:55:26.78678+00|2016-01-27 20:40:15.46361+00|3663.95
skoda|felicia|86390|1998|1289|50|||None|man|5|5|gasoline|2015-11-14 18:55:26.799796+00|2016-01-27 20:40:15.46361+00|629.16
opel|meriva|113123|2008|1598|77|||None|man|5|5|gasoline|2015-11-14 18:55:26.809447+00|2016-01-27 20:40:15.46361+00|4441.12
||151138|2011|1600|68|||None|man|5|5|diesel|2015-11-14 18:55:26.835916+00|2016-01-27 20:40:15.46361+00|5551.44
opel|astra|112926|2010|1910|74|||None|man|5|5|diesel|2015-11-14 18:55:26.875854+00|2016-01-27 20:40:15.46361+00|6217.62
skoda|fabia|5|2015|1197||||None||None|None|diesel|2015-11-14 18:55:26.911373+00|2016-01-27 20:40:15.46361+00|11543.3
skoda|octavia|212000|2002|1896|66|||None|man|5|5|diesel|2015-11-14 18:55:26.988462+00|2016-01-27 20:40:15.46361+00|3515.91
mercedes-benz||80000|2001|1689|71|||None|auto|4|5|diesel|2015-11-14 18:55:27.008559+00|2016-01-27 20:40:15.46361+00|2368.62
||137200|2004|1896|96|||None|man|5|5|diesel|2015-11-14 18:55:27.084337+00|2016-01-27 20:40:15.46361+00|4441.15
chrysler|grand-voyager|235660|2004|3301|128|||None|auto|5|7|gasoline|2015-11-14 18:55:27.108467+00|2016-01-27 20:40:15.46361+00|7327.91
skoda|superb|162000|2010|1798|118|||None|auto|5|5|gasoline|2015-11-14 18:55:27.12344+00|2016-01-27 20:40:15.46361+00|9955.59
skoda|octavia|111640|2011|1598|77|||None|man|5|5|diesel|2015-11-14 18:55:27.149267+00|2016-01-27 20:40:15.46361+00|10695.78
skoda|octavia|177402|2004|1896|81|||None|man|5|5|diesel|2015-11-14 18:55:27.15876+00|2016-01-27 20:40:15.46361+00|4034.05
skoda|octavia|94440|2011|1598|77|||None|man|5|5|diesel|2015-11-14 18:55:27.206981+00|2016-01-27 20:40:15.46361+00|10843.82
skoda|octavia|65000|2009|1390|59|||None|man|5|5|gasoline|2015-11-14 18:55:27.22802+00|2016-01-27 20:40:15.46361+00|6846.78
||109000|2003|1124|44|||None|man|3|5|gasoline|2015-11-14 18:55:27.240056+00|2016-01-27 20:40:15.46361+00|962.25
citroen|saxo|122000||1124|44|||None|man|3|5|gasoline|2015-11-14 18:55:27.381231+00|2016-01-27 20:40:15.46361+00|1184.31
||124127|2006|1100|55|||None|man|4|5|gasoline|2015-11-14 18:55:27.391214+00|2016-01-27 20:40:15.46361+00|1110.29
volvo|v40|18755|2013|1560|84|||None|man|5|5|diesel|2015-11-14 18:55:27.402071+00|2016-01-27 20:40:15.46361+00|19059.96
||94752|2006|1400|55|||None|man|4|5|gasoline|2015-11-14 18:55:27.417466+00|2016-01-27 20:40:15.46361+00|1850.48
||131911|2003|1600|80|||None|man|5|5|gasoline|2015-11-14 18:55:27.429978+00|2016-01-27 20:40:15.46361+00|1850.48
||97682|2006|1400|55|||None|man|5|5|gasoline|2015-11-14 18:55:27.480444+00|2016-01-27 20:40:15.46361+00|1850.48
||146000|2006|1900|96|||None|man|5|5|diesel|2015-11-14 18:55:27.489852+00|2016-01-27 20:40:15.46361+00|2775.72
||112784|2010|1400|96|||None|man|5|5|gasoline|2015-11-14 18:55:27.499102+00|2016-01-27 20:40:15.46361+00|5551.44
||105565|2008|1600|81|||None|man|4|5|gasoline|2015-11-14 18:55:27.508251+00|2016-01-27 20:40:15.46361+00|3700.96
||66117|2008|1400|55|||None|man|5|5|gasoline|2015-11-14 18:55:27.519328+00|2016-01-27 20:40:15.46361+00|2775.72
||134684|2008|1600|80|||None|man|5|5|gasoline|2015-11-14 18:55:27.58569+00|2016-01-27 20:40:15.46361+00|3700.96
||105700|2014|1968|103|||None|man|None|None|diesel|2015-11-14 18:55:27.66746+00|2016-01-27 20:40:15.46361+00|16617.32
||157302|2006|2000|110|||None|man|5|5|diesel|2015-11-14 18:55:27.677273+00|2016-01-27 20:40:15.46361+00|2775.72
||110020|2007|1500|78|||None|man|5|5|diesel|2015-11-14 18:55:27.686005+00|2016-01-27 20:40:15.46361+00|2775.72
||63630|2008|1400|54|||None|man|5|5|gasoline|2015-11-14 18:55:27.709492+00|2016-01-27 20:40:15.46361+00|3700.96
||150700|2010|1968|103|||None|man|5|5|diesel|2015-11-14 18:55:27.718894+00|2016-01-27 20:40:15.46361+00|8512.21
skoda|octavia|216000|2005|2000|103|||None|man|5|5|diesel|2015-11-14 18:55:27.729789+00|2016-01-27 20:40:15.46361+00|5514.43
||187000|2002|1970|122|||None|man|None|None|gasoline|2015-11-14 18:55:27.769775+00|2016-01-27 20:40:15.46361+00|2035.53
||110000|2006|1587|80|||None|man|3|5|gasoline|2015-11-14 18:55:27.808351+00|2016-01-27 20:40:15.46361+00|2405.63
bmw||92558|2004|1800|85|||None|man|3|5|gasoline|2015-11-14 18:55:27.901805+00|2016-01-27 20:40:15.46361+00|3256.85
skoda|fabia|140000|2002|1400|55|||None|man|5|5|gasoline|2015-11-14 18:55:28.173895+00|2016-01-27 20:40:15.46361+00|2701.7
skoda|fabia|133423|2006|1200|40|||None|man|5|5|gasoline|2015-11-14 18:55:28.197253+00|2016-01-27 20:40:15.46361+00|2627.68
||118845|2009|1400|59|||None|man|5|5|gasoline|2015-11-14 18:55:28.218917+00|2016-01-27 20:40:15.46361+00|5736.49
skoda|octavia|187723|2005|1900|77|||None|man|5|5|diesel|2015-11-14 18:55:28.23019+00|2016-01-27 20:40:15.46361+00|4626.2
skoda|octavia|151376|2007|1900|77|||None|man|5|5|diesel|2015-11-14 18:55:28.273067+00|2016-01-27 20:40:15.46361+00|6513.69
||68520|2004|1800|88|||None|man|5|5|gasoline|2015-11-14 18:55:28.282026+00|2016-01-27 20:40:15.46361+00|2997.78
skoda|fabia|106430|2003|1400|50|||None|man|4|5|gasoline|2015-11-14 18:55:28.31415+00|2016-01-27 20:40:15.46361+00|2294.6
skoda|fabia|77014|2005|1200|47|||None|man|5|5|gasoline|2015-11-14 18:55:28.335268+00|2016-01-27 20:40:15.46361+00|3108.81
skoda|octavia|188902|2006|2000|103|||None|man|5|5|diesel|2015-11-14 18:55:28.349907+00|2016-01-27 20:40:15.46361+00|5551.44
||226907|2003|1896|96|||None|auto|5|None|diesel|2015-11-14 18:55:28.364913+00|2016-01-27 20:40:15.46361+00|1443.38
skoda|octavia|80165|2013|1598|77|||None|man|5|None|diesel|2015-11-14 18:55:28.410363+00|2016-01-27 20:40:15.46361+00|14322.72
kia|sorento|117909|2008|2500|125|||None|auto|5|5|diesel|2015-11-14 18:55:28.420061+00|2016-01-27 20:40:15.46361+00|7512.95
skoda|yeti|13854|2014|1968|81|||None|man|5|None|diesel|2015-11-14 18:55:28.452299+00|2016-01-27 20:40:15.46361+00|16987.42
||127056|1997|1000|33|||None|man|5|5|gasoline|2015-11-14 18:55:28.476228+00|2016-01-27 20:40:15.46361+00|814.21
skoda|superb|28911|2015|1968|125|||None|auto|5|5|diesel|2015-11-14 18:55:28.485397+00|2016-01-27 20:40:15.46361+00|25903.03
skoda|citigo|10638|2014|999|44|||None|man|3|5|gasoline|2015-11-14 18:55:28.496187+00|2016-01-27 20:40:15.46361+00|6495.19
seat|ibiza|65922|2009|1200|51|||None|man|5|5|gasoline|2015-11-14 18:55:28.548506+00|2016-01-27 20:40:15.46361+00|5107.33
skoda|fabia|74123|2007|1400|74|||None|man|5|5|gasoline|2015-11-14 18:55:29.119344+00|2016-01-27 20:40:15.46361+00|3737.97
||84338|2007|1900|77|||None|man|5|5|diesel|2015-11-14 18:55:29.178577+00|2016-01-27 20:40:15.46361+00|6513.69
skoda|fabia|105849|2004|1200|47|||None|man|5|5|gasoline|2015-11-14 18:55:29.204973+00|2016-01-27 20:40:15.46361+00|2960.77
||69218|2009|1600|55|||None|man|5|5|diesel|2015-11-14 18:55:29.214045+00|2016-01-27 20:40:15.46361+00|7846.04
ford|focus|148971|2009|1560|80|||None||5|5|diesel|2015-11-14 18:55:29.223177+00|2016-01-27 20:40:15.46361+00|5736.49
skoda|fabia|107166|2003|1200|47|||None|man|5|5|gasoline|2015-11-14 18:55:29.233952+00|2016-01-27 20:40:15.46361+00|2997.78
||133465|2008|2000|103|||None|man|5|5|gasoline|2015-11-14 18:55:29.276139+00|2016-01-27 20:40:15.46361+00|4996.3
bmw||198000|2006|1995|90|||None|man|5|5|diesel|2015-11-14 18:55:29.286346+00|2016-01-27 20:40:15.46361+00|6032.57
skoda|fabia|73520|2002|1400|50|||None|man|5|5|gasoline|2015-11-14 18:55:29.301568+00|2016-01-27 20:40:15.46361+00|2590.67
||131057|2007|1896|77|||None|man|5|5|diesel|2015-11-14 18:55:29.347848+00|2016-01-27 20:40:15.46361+00|6472.98
||202268|2005|2461|128|||None|man|5|5|diesel|2015-11-14 18:55:29.361918+00|2016-01-27 20:40:15.46361+00|8693.56
skoda|octavia|145665|2003|1595|75|||None|man|5|5|gasoline|2015-11-14 18:55:29.401114+00|2016-01-27 20:40:15.46361+00|4276.65
ford|mondeo|228198|2003|1998|96|||None|man|5|5|diesel|2015-11-14 18:55:29.417285+00|2016-01-27 20:40:15.46361+00|2216.88
seat|ibiza|160000|2005|1422|55|||None|man|5|5|diesel|2015-11-14 18:55:29.427673+00|2016-01-27 20:40:15.46361+00|2772.02
toyota|avensis|212478|2005|2231|130|||None|man|5|5|diesel|2015-11-14 18:55:29.44523+00|2016-01-27 20:40:15.46361+00|4770.54
||170000|1998|1598|66|||None|man|5|5|gasoline|2015-11-14 18:55:29.464946+00|2016-01-27 20:40:15.46361+00|555.14
||146800||1997|100|||None|man|5|5|diesel|2015-11-14 18:55:29.482571+00|2016-01-27 20:40:15.46361+00|5144.34
skoda|fabia|149300|2009|1198|51|||None|man|5|5|gasoline|2015-11-14 18:55:29.497063+00|2016-01-27 20:40:15.46361+00|4252.41
||172000|2006|1560|80|||None|man|None|None|diesel|2015-11-14 18:55:29.512158+00|2016-01-27 20:40:15.46361+00|3293.86
skoda|yeti|100|2015|1968|103|||None|man|None|5|diesel|2015-11-14 18:55:29.521501+00|2016-01-27 20:40:15.46361+00|27017.02
skoda|octavia|1|2015|1968|135|||None|man|None|5|diesel|2015-11-14 18:55:29.64839+00|2016-01-27 20:40:15.46361+00|29607.7
||160000||1390|110|||None|man|5|5|gasoline|2015-11-14 18:55:30.14289+00|2016-01-27 20:40:15.46361+00|8142.12
skoda|felicia|161010|1998|1600|55|||None|man|5|5|gasoline|2015-11-14 18:55:30.161131+00|2016-01-27 20:40:15.46361+00|999.26
fiat|punto|117661|2000|1200|51|||None|man|5|5|gasoline|2015-11-14 18:55:30.191919+00|2016-01-27 20:40:15.46361+00|740.19
skoda|octavia|183402|1998|1600|55|||None|man|5|5|gasoline|2015-11-14 18:55:30.203968+00|2016-01-27 20:40:15.46361+00|1406.37
skoda|octavia|136975|2007|1900|77|||None|man|5|5|diesel|2015-11-14 18:55:30.221214+00|2016-01-27 20:40:15.46361+00|5884.53
fiat|marea|189874|1998|1700|83|||None|man|5|5|gasoline|2015-11-14 18:55:30.231841+00|2016-01-27 20:40:15.46361+00|1110.29
citroen|xsara-picasso|130895|2001|1749|85|||None|man|5|5|gasoline|2015-11-14 18:55:30.257144+00|2016-01-27 20:40:15.46361+00|2220.58
||182450|2002|1900|59|||None|man|4|5|diesel|2015-11-14 18:55:30.278208+00|2016-01-27 20:40:15.46361+00|2368.62
skoda|superb|207000||1968|103|||None|man|None|5|diesel|2015-11-14 18:55:30.32985+00|2016-01-27 20:40:15.46361+00|11806.07
bmw|x5|139653||2998|210|||None|auto|5|5|diesel|2015-11-14 18:55:30.342982+00|2016-01-27 20:40:15.46361+00|24426.39
skoda|yeti|57838|2009|1968|103|||None|man|5|5|diesel|2015-11-14 18:55:30.363614+00|2016-01-27 20:40:15.46361+00|12546.26
ford|focus|200506|2006|1997|100|||None|man|5|5|diesel|2015-11-14 18:55:30.419022+00|2016-01-27 20:40:15.46361+00|4067.36
||52240|2013|1149|55|||None|man|5|5|gasoline|2015-11-14 18:55:30.443966+00|2016-01-27 20:40:15.46361+00|4404.15
||124253|1999|1970|114|||None|man|5|5|gasoline|2015-11-14 18:55:30.466117+00|2016-01-27 20:40:15.46361+00|1106.59
toyota|auris|87000|2008|2231|130|||None|man|3|5|diesel|2015-11-14 18:55:30.475715+00|2016-01-27 20:40:15.46361+00|7364.88
citroen|berlingo|252516|1997|1905|50|||None|man|5|5|diesel|2015-11-14 18:55:30.486002+00|2016-01-27 20:40:15.46361+00|1291.64
bmw||168681|2003|1796|85|||None|man|5|5|gasoline|2015-11-14 18:55:30.525159+00|2016-01-27 20:40:15.46361+00|2698.0
||240000|1998|1595|74|||None|man|3|5|gasoline|2015-11-14 18:55:30.617727+00|2016-01-27 20:40:15.46361+00|962.25
ford|s-max|145000|2010|2000|103|||None|man|5|5|diesel|2015-11-14 18:55:30.667239+00|2016-01-27 20:40:15.46361+00|10729.09
||148200|2003|1587|80|||None|man|2|4|gasoline|2015-11-14 18:55:30.678647+00|2016-01-27 20:40:15.46361+00|2202.07
ford|mondeo|145198|2011|2000|103|||None|man|5|5|diesel|2015-11-14 18:55:30.733572+00|2016-01-27 20:40:15.46361+00|10173.95
audi|a3|208603|2002|1595|75|||None|man|3|None|gasoline|2015-11-14 18:55:30.765436+00|2016-01-27 20:40:15.46361+00|1735.75
seat|leon|10|2014|1197|81|||None|man|5|5|gasoline|2015-11-14 18:55:30.774079+00|2016-01-27 20:40:15.46361+00|14692.82
honda|jazz|85855|2005|1250|57|||None|man|5|5|gasoline|2015-11-14 18:55:30.798709+00|2016-01-27 20:40:15.46361+00|2960.77
||207130|2001|1600|79|||None|man|5|5|gasoline|2015-11-14 18:55:31.109915+00|2016-01-27 20:40:15.46361+00|1221.32
skoda|superb|160678|2008|1968|125|||None|auto|5|5|diesel|2015-11-14 18:55:31.164197+00|2016-01-27 20:40:15.46361+00|9955.59
skoda|octavia|289300|2006|1968|103|||None|man|5|5|diesel|2015-11-14 18:55:31.203706+00|2016-01-27 20:40:15.46361+00|5477.42
skoda|fabia|89555|2007|1390|59|||None|man|5|5|gasoline|2015-11-14 18:55:31.22631+00|2016-01-27 20:40:15.46361+00|3552.92
opel|agila|104315|2008|996|48|||None|man|5|5|gasoline|2015-11-14 18:55:31.243168+00|2016-01-27 20:40:15.46361+00|4404.15
skoda|octavia|172961|2007|1968|125|||None|man|5|5|diesel|2015-11-14 18:55:31.26861+00|2016-01-27 20:40:15.46361+00|7768.32
||149000|2011|1598|77|||None|man|5|5|diesel|2015-11-14 18:55:31.295281+00|2016-01-27 20:40:15.46361+00|9955.59
skoda|octavia|197230||1595|75|||None|man|5|5|gasoline|2015-11-14 18:55:31.306628+00|2016-01-27 20:40:15.46361+00|6658.03
||1|2006|1600|66|||None|man|5|5|diesel|2015-11-14 18:55:31.360956+00|2016-01-27 20:40:15.46361+00|3700.96
skoda|octavia|95088|2010|1600|77|||None|man|5|5|diesel|2015-11-14 18:55:31.400338+00|2016-01-27 20:40:15.46361+00|9248.7
ford|mondeo|74204|2010|2000|85|||None|man|5|5|diesel|2015-11-14 18:55:31.444302+00|2016-01-27 20:40:15.46361+00|10358.99
skoda|octavia|140660|2012|1600|77|||None|man|5|5|diesel|2015-11-14 18:55:31.469686+00|2016-01-27 20:40:15.46361+00|8142.12
skoda|fabia|157800|2004|1400|55|||None|man|5|5|gasoline|2015-11-14 18:55:31.502365+00|2016-01-27 20:40:15.46361+00|2957.07
toyota|rav4|131412|2007|2200|100|||None|man|5|5|diesel|2015-11-14 18:55:31.51051+00|2016-01-27 20:40:15.46361+00|7216.88
hyundai|i30|113900|2008|1600|93|||None|man|5|5|diesel|2015-11-14 18:55:31.518965+00|2016-01-27 20:40:15.46361+00|5732.79
skoda|octavia|157500|2010|2000|103|||None|man|5|5|diesel|2015-11-14 18:55:31.551571+00|2016-01-27 20:40:15.46361+00|9433.75
nissan|qashqai|128800|2008|1500|78|||None|man|5|5|diesel|2015-11-14 18:55:31.583174+00|2016-01-27 20:40:15.46361+00|7401.92
skoda|octavia|130900|2009|1400|90|||None|man|5|5|gasoline|2015-11-14 18:55:31.60159+00|2016-01-27 20:40:15.46361+00|8878.61
audi|a4|220780|2002|2500|114|||None|man|5|5|diesel|2015-11-14 18:55:31.612278+00|2016-01-27 20:40:15.46361+00|4071.06
opel|astra|166929|2012|1700|81|||None|man|5|5|diesel|2015-11-14 18:55:31.620532+00|2016-01-27 20:40:15.46361+00|8693.56
skoda|fabia|185000|2011|1600|55|||None|man|5|5|diesel|2015-11-14 18:55:31.63625+00|2016-01-27 20:40:15.46361+00|5181.31
ford|mondeo|118000|2013|2000|103|||None|man|5|5|diesel|2015-11-14 18:55:31.662935+00|2016-01-27 20:40:15.46361+00|12953.33
kia||0|2008|1600|93|||None|man|5|5|gasoline|2015-11-14 18:55:31.676222+00|2016-01-27 20:40:15.46361+00|5514.43
hyundai|terracan|205000||2902|110|||None|man|5|5|diesel|2015-11-14 18:55:31.742759+00|2016-01-27 20:40:15.46361+00|3997.04
||123900|2007|1595|75|||None|man|5|5|gasoline|2015-11-14 18:55:31.757696+00|2016-01-27 20:40:15.46361+00|5843.82
fiat|doblo|176774|2006|1248|62|||None|man|5|5|diesel|2015-11-14 18:55:31.776743+00|2016-01-27 20:40:15.46361+00|4400.0
mercedes-benz||56000|2014|6208||||None|auto|2|4|gasoline|2015-11-14 18:55:31.787927+00|2016-01-27 20:40:15.46361+00|46595.11
skoda|fabia|141665||1598|55|||None|man|5|5|diesel|2015-11-14 18:55:31.809166+00|2016-01-27 20:40:15.46361+00|6254.66
skoda|roomster|234896||1197|63|||None|man|5|5|gasoline|2015-11-14 18:55:31.834199+00|2016-01-27 20:40:15.46361+00|4996.3
skoda|octavia|163323||1598|77|||None|man|5|5|diesel|2015-11-14 18:55:31.9229+00|2016-01-27 20:40:15.46361+00|8327.17
skoda|fabia|34000|2006|1198|47|||None|man|5|5|gasoline|2015-11-14 18:55:32.219705+00|2016-01-27 20:40:15.46361+00|4404.15
mercedes-benz||208000|2003|1689|70|||None|auto|5|5|diesel|2015-11-14 18:55:32.332034+00|2016-01-27 20:40:15.46361+00|2405.26
opel|vivaro|0|2015|1598|85|||None|man|5|9|diesel|2015-11-14 18:55:32.361133+00|2016-01-27 20:40:15.46361+00|23190.3
mazda|mx-3|163752|1998|1598|79|||None|man|2|4|gasoline|2015-11-14 18:55:32.388984+00|2016-01-27 20:40:15.46361+00|1291.64
opel|vivaro|0|2015|1598|85|||None|man|5|9|diesel|2015-11-14 18:55:32.399436+00|2016-01-27 20:40:15.46361+00|21680.01
||210000|2004|1889|96|||None|auto|5|5|diesel|2015-11-14 18:55:32.408203+00|2016-01-27 20:40:15.46361+00|3145.82
opel|vivaro|0|2015|1598|88|||None|man|5|8|diesel|2015-11-14 18:55:32.445136+00|2016-01-27 20:40:15.46361+00|23915.95
opel|vivaro|0|2015|1598|92|||None||5|9|diesel|2015-11-14 18:55:32.460123+00|2016-01-27 20:40:15.46361+00|24257.96
opel|vivaro|0|2015|1598|92|||None|man|5|8|diesel|2015-11-14 18:55:32.47457+00|2016-01-27 20:40:15.46361+00|24749.37
opel|vivaro|0|2015|1598|92|||None|man|5|9|diesel|2015-11-14 18:55:32.499023+00|2016-01-27 20:40:15.46361+00|25399.59
||120000|2004|1289|75|||None|man|5|5|gasoline|2015-11-14 18:55:32.522341+00|2016-01-27 20:40:15.46361+00|1813.47
opel|vivaro|0|2015|1598|85|||None|man|5|6|diesel|2015-11-14 18:55:32.546001+00|2016-01-27 20:40:15.46361+00|22661.99
opel|vivaro|0|2015|1598|92|||None|man|5|9|diesel|2015-11-14 18:55:32.555632+00|2016-01-27 20:40:15.46361+00|23685.38
fiat|sedici|81700||1586|79|||None|man|5|5|gasoline|2015-11-14 18:55:32.634852+00|2016-01-27 20:40:15.46361+00|5514.43
ford|mustang|9200|2015|5000|324|||None|auto|None|None|gasoline|2015-11-14 18:55:32.645793+00|2016-01-27 20:40:15.46361+00|44781.64
mercedes-benz||13280|2015|2987|190|||None||None|None|diesel|2015-11-14 18:55:32.655525+00|2016-01-27 20:40:15.46361+00|89115.47
honda|cr-v|23736|2014|1997|114|||None|man|5|5|gasoline|2015-11-14 18:55:32.667391+00|2016-01-27 20:40:15.46361+00|20170.24
nissan|primera|257000|1998|1998|96|||None|man|5|5|gasoline|2015-11-14 18:55:32.728987+00|2016-01-27 20:40:15.46361+00|1291.64
skoda|octavia|89140|2010|1798|118|||None|auto|4|5|gasoline|2015-11-14 18:55:32.787969+00|2016-01-27 20:40:15.46361+00|10177.65
skoda|octavia|129600||1598|77|||None||5|5|diesel|2015-11-14 18:55:32.824654+00|2016-01-27 20:40:15.46361+00|9247.85
skoda|felicia|91100||1289|40|||None||5|5|gasoline|2015-11-14 18:55:32.837964+00|2016-01-27 20:40:15.46361+00|1036.27
skoda|roomster|246021|2007|1390|63|||None|man|5|None|gasoline|2015-11-14 18:55:32.859159+00|2016-01-27 20:40:15.46361+00|1813.47
mercedes-benz||208500||2987|165|||None|auto|5|5|diesel|2015-11-14 18:55:32.876351+00|2016-01-27 20:40:15.46361+00|13689.01
kia||94000||1396|80|||None||3|5|gasoline|2015-11-14 18:55:32.885554+00|2016-01-27 20:40:15.46361+00|5176.79
toyota|rav4|164267|2002|1995|85|||None|man|5|5|diesel|2015-11-14 18:55:32.916494+00|2016-01-27 20:40:15.46361+00|5177.65
skoda|fabia|186145|2005|1896|74|||None|man|5|5|diesel|2015-11-14 18:55:33.015178+00|2016-01-27 20:40:15.46361+00|3623.24
skoda|octavia|21490|2014|1598|77|||None|man|5|5|diesel|2015-11-14 18:55:33.038576+00|2016-01-27 20:40:15.46361+00|15688.38
toyota|yaris|132050|2001|998|50|||None|man|5|5|gasoline|2015-11-14 18:55:33.082084+00|2016-01-27 20:40:15.46361+00|2364.91
citroen|c4-picasso|126690|2012|1560|82|||None|auto|5|5|diesel|2015-11-14 18:55:33.151261+00|2016-01-27 20:40:15.46361+00|8734.2
||135000|1999|954|37|||None|man|5|5|gasoline|2015-11-14 18:55:33.19496+00|2016-01-27 20:40:15.46361+00|703.18
||209000|2009|1896|77|||None|man|5|5|diesel|2015-11-14 18:55:33.210003+00|2016-01-27 20:40:15.46361+00|6291.52
chevrolet|alero|114000|1999|2392|104|||None|auto|5|5|gasoline|2015-11-14 18:55:33.230828+00|2016-01-27 20:40:15.46361+00|2035.53
porsche|987-boxster|149000|2005|3179|206|||None|man|None|None|gasoline|2015-11-14 18:55:33.270238+00|2016-01-27 20:40:15.46361+00|14766.84
ford|c-max|155195|2005|1988|107|||None|man|5|5|gasoline|2015-11-14 18:55:33.283611+00|2016-01-27 20:40:15.46361+00|4034.05
citroen|berlingo|5000|2015|1560|88|||None|man|None|None|diesel|2015-11-14 18:55:33.292848+00|2016-01-27 20:40:15.46361+00|14776.09
skoda|roomster|70000|2010|1390|93|||None|man|5|5|gasoline|2015-11-14 18:55:33.317312+00|2016-01-27 20:40:15.46361+00|5884.53
||116000||1598|79|||None|man|5|5|gasoline|2015-11-14 18:55:33.351081+00|2016-01-27 20:40:15.46361+00|1846.78
fiat|palio|265000|1998|1242|54|||None|man|5|5|gasoline|2015-11-14 18:55:33.383993+00|2016-01-27 20:40:15.46361+00|366.4
citroen|c-elysee|3000|2015||73|||None|man|None|None|diesel|2015-11-14 18:55:33.439472+00|2016-01-27 20:40:15.46361+00|11893.04
toyota|avensis|230000|1999|1975|66|||None|man|5|5|diesel|2015-11-14 18:55:33.456634+00|2016-01-27 20:40:15.46361+00|1665.43
skoda|citigo|9800|2015|999|44|||None|man|5|4|gasoline|2015-11-14 18:55:33.465835+00|2016-01-27 20:40:15.46361+00|7768.32
skoda|rapid|21990|2015|1390|90|||None|auto|5|5|gasoline|2015-11-14 18:55:33.482049+00|2016-01-27 20:40:15.46361+00|14008.14
bmw|x3|19500|2015|2000|140|||None|auto|5|5|diesel|2015-11-14 18:55:33.494075+00|2016-01-27 20:40:15.46361+00|48811.99
||156000|1999|1124|44|||None|man|3|5|gasoline|2015-11-14 18:55:33.503636+00|2016-01-27 20:40:15.46361+00|1813.47
skoda|octavia|220000|2002|1896|66|||None|man|5|5|diesel|2015-11-14 18:55:33.644143+00|2016-01-27 20:40:15.46361+00|3327.17
mercedes-benz||139000||1796|80|||None|auto|5|5|diesel|2015-11-14 18:55:33.666555+00|2016-01-27 20:40:15.46361+00|18060.7
audi|tt|169930|2006|3189|184|||None|auto|3|4|gasoline|2015-11-14 18:55:33.676494+00|2016-01-27 20:40:15.46361+00|10547.71
||112737||1461|81|||None|man|5|5|diesel|2015-11-14 18:55:33.68638+00|2016-01-27 20:40:15.46361+00|9178.39
skoda|fabia|194795|2003|1198|40|||None|man|5|5|gasoline|2015-11-14 18:55:33.725973+00|2016-01-27 20:40:15.46361+00|1698.74
||179500|2013|1968|103|||None|auto|None|5|diesel|2015-11-14 18:55:33.73624+00|2016-01-27 20:40:15.46361+00|14433.38
mercedes-benz|viano|203593|2011|2143|120|van||None|man|5|5|diesel|2015-11-14 18:55:33.799132+00|2016-01-27 20:40:15.46361+00|22168.76
mercedes-benz||54000|2010|4663|320|||None|auto|2|4|gasoline|2015-11-14 18:55:33.816497+00|2016-01-27 20:40:15.46361+00|58216.14
||229000||2461|96|||None|man|5|9|diesel|2015-11-14 18:55:33.831041+00|2016-01-27 20:40:15.46361+00|9215.4
skoda|octavia|165000|2011|1598|77|||None|man|5|5|diesel|2015-11-14 18:55:33.853123+00|2016-01-27 20:40:15.46361+00|8845.3
||156245|2000|1595|75|||None|man|5|5|gasoline|2015-11-14 18:55:34.205553+00|2016-01-27 20:40:15.46361+00|2586.97
||77145|2011|1398|50|||None|man|5|5|diesel|2015-11-14 18:55:34.310846+00|2016-01-27 20:40:15.46361+00|4774.24
bmw||170656|2008|1995|105|||None|man|5|5|diesel|2015-11-14 18:55:34.339938+00|2016-01-27 20:40:15.46361+00|7364.91
ford|galaxy|254448|2004|1896|96|||None|man|5|7|diesel|2015-11-14 18:55:34.371192+00|2016-01-27 20:40:15.46361+00|5514.4
rover|200|168000|1996|1396|76|||None|man|2|None|gasoline|2015-11-14 18:55:34.393388+00|2016-01-27 20:40:15.46361+00|1106.59
ford|mondeo|183170||1753|74|||None|man|5|5|diesel|2015-11-14 18:55:34.411486+00|2016-01-27 20:40:15.46361+00|5551.44
hyundai|ix20|15500|2014|1396|66|||None|man|5|5|gasoline|2015-11-14 18:55:34.465366+00|2016-01-27 20:40:15.46361+00|9585.49
chevrolet|corvette|43260|2005|5967|297|||None|man|5|2|gasoline|2015-11-14 18:55:34.52755+00|2016-01-27 20:40:15.46361+00|23316.03
chrysler|pt-cruiser|118000|2001|1996|104|||None|man|5|5|gasoline|2015-11-14 18:55:34.555582+00|2016-01-27 20:40:15.46361+00|2590.64
skoda|octavia|115851|2014|1598|66|||None|man|5|5|diesel|2015-11-14 18:55:34.565513+00|2016-01-27 20:40:15.46361+00|11065.88
skoda|octavia|149990|2010|1598|77|||None|man|5|5|diesel|2015-11-14 18:55:34.585251+00|2016-01-27 20:40:15.46361+00|9178.39
skoda|fabia|127400||1422|55|||None|man|5|5|diesel|2015-11-14 18:55:34.594895+00|2016-01-27 20:40:15.46361+00|3219.84
skoda|octavia|187000||1968|125|||None|auto|5|5|diesel|2015-11-14 18:55:34.607718+00|2016-01-27 20:40:15.46361+00|14544.78
||205000|2007|1896|77|||None|man|4|5|diesel|2015-11-14 18:55:34.669806+00|2016-01-27 20:40:15.46361+00|5514.43
hyundai|i30|13004||1591|88|||None|auto|5|5|gasoline|2015-11-14 18:55:34.721924+00|2016-01-27 20:40:15.46361+00|12916.36
nissan|tiida|61191|2008|1600|81|||None||None|None|diesel|2015-11-14 18:55:34.731667+00|2016-01-27 20:40:15.46361+00|4034.05
citroen|berlingo|254209|2001|1997|66|||None|man|5|5|diesel|2015-11-14 18:55:34.748631+00|2016-01-27 20:40:15.46361+00|2031.83
||183000|2005|1870|88|||None|man|5|5|diesel|2015-11-14 18:55:34.760314+00|2016-01-27 20:40:15.46361+00|2738.71
bmw||111500||2993|225|||None|auto|4|5|diesel|2015-11-14 18:55:34.769911+00|2016-01-27 20:40:15.46361+00|35122.17
skoda|octavia|187237||1595|75|||None|man|5|5|gasoline|2015-11-14 18:55:34.781951+00|2016-01-27 20:40:15.46361+00|2957.07
skoda|octavia|51374||1598|75|||None|man|5|5|gasoline|2015-11-14 18:55:34.811334+00|2016-01-27 20:40:15.46361+00|4810.88
dodge|grand-caravan|38800|2012|3605|211|||None|auto|5|7|gasoline|2015-11-14 18:55:34.860652+00|2016-01-27 20:40:15.46361+00|16653.96
ford|focus|194089|2007|1798|92|||None|man|5|5|gasoline|2015-11-14 18:55:34.894688+00|2016-01-27 20:40:15.46361+00|4807.55
||192846||1595|75|||None|man|5|5|gasoline|2015-11-14 18:55:34.911211+00|2016-01-27 20:40:15.46361+00|5162.84
||10000|2015|2967|193|||None|auto|5|5|diesel|2015-11-14 18:55:34.92037+00|2016-01-27 20:40:15.46361+00|64729.83
skoda|yeti|18204|2014|1968|81|||None|man|5|5|diesel|2015-11-14 18:55:34.94038+00|2016-01-27 20:40:15.46361+00|16617.32
skoda|felicia|138341|2000|1289|50|||None|man|5|5|gasoline|2015-11-14 18:55:35.099924+00|2016-01-27 20:40:15.46361+00|1032.57
mercedes-benz||198000|2006|3498|200|||None|auto|5|5|gasoline|2015-11-14 18:55:35.167799+00|2016-01-27 20:40:15.46361+00|11658.03
||141000|2012|1968|103|||None|man|5|5|diesel|2015-11-14 18:55:35.258582+00|2016-01-27 20:40:15.46361+00|14803.92
||348067|2004|1398|50|||None|man|5|5|diesel|2015-11-14 18:55:35.287987+00|2016-01-27 20:40:15.46361+00|1846.78
ford|focus|230905|2000|1388|55|||None|man|5|5|gasoline|2015-11-14 18:55:35.313928+00|2016-01-27 20:40:15.46361+00|1110.29
hyundai|santa-fe|113317|2008|2200|114|||None|man|5|5|diesel|2015-11-14 18:55:35.350296+00|2016-01-27 20:40:15.46361+00|9215.4
skoda|fabia|130096|2000|1400|50|||None|man|5|5|gasoline|2015-11-14 18:55:35.360914+00|2016-01-27 20:40:15.46361+00|2220.58
audi|q5|78000|2009|2967|176|||None|auto|5|5|diesel|2015-11-14 18:55:35.40349+00|2016-01-27 20:40:15.46361+00|27720.21
skoda|octavia|398000|2000|1896|81|||None|man|5|5|diesel|2015-11-14 18:55:35.443422+00|2016-01-27 20:40:15.46361+00|1332.35
||25062|2015|1968|110|||None|auto|5|5|diesel|2015-11-14 18:55:35.453708+00|2016-01-27 20:40:15.46361+00|22942.26
kia|sportage|1|2001|1998|61|||None|man|5|5|diesel|2015-11-14 18:55:35.467537+00|2016-01-27 20:40:15.46361+00|1813.47
