2355134|2014|6|27|0|23|Subscriber|Male|2014-06-30 23:57:00|2014-07-01 00:07:00|10.066666666666666|68.0|tstorms|131|Lincoln Ave & Belmont Ave|41.939365|-87.668385|15.0|303|Broadway & Cornelia Ave|41.945512|-87.64598000000001|15.0
2355133|2014|6|27|0|23|Subscriber|Male|2014-06-30 23:56:00|2014-07-01 00:00:00|4.383333333333334|68.0|tstorms|282|Halsted St & Maxwell St|41.86458|-87.64693|15.0|22|May St & Taylor St|41.8694821|-87.6554864|15.0
2355130|2014|6|27|0|23|Subscriber|Male|2014-06-30 23:33:00|2014-06-30 23:35:00|2.1|68.0|tstorms|327|Sheffield Ave & Webster Ave|41.921687|-87.65371400000001|19.0|225|Halsted St & Dickens Ave|41.919936|-87.64883|15.0
2355129|2014|6|27|0|23|Subscriber|Female|2014-06-30 23:26:00|2014-07-01 00:24:00|58.016666666666666|68.0|tstorms|134|Peoria St & Jackson Blvd|41.877749|-87.649633|19.0|194|State St & Wacker Dr|41.887155|-87.62775|11.0
2355128|2014|6|27|0|23|Subscriber|Female|2014-06-30 23:16:00|2014-06-30 23:26:00|10.633333333333333|68.0|tstorms|320|Loomis St & Lexington St|41.872187|-87.661501|15.0|134|Peoria St & Jackson Blvd|41.877749|-87.649633|19.0
2355127|2014|6|27|0|23|Subscriber|Male|2014-06-30 23:11:00|2014-06-30 23:17:00|5.6|68.0|tstorms|332|Halsted St & Diversey Pkwy|41.933341|-87.648747|15.0|319|Greenview Ave & Diversey Pkwy|41.932595|-87.665939|15.0
2355126|2014|6|27|0|23|Subscriber|Male|2014-06-30 23:08:00|2014-06-30 23:13:00|5.066666666666666|68.0|tstorms|174|Canal St & Madison St|41.882090999999996|-87.639833|23.0|44|State St & Randolph St|41.884730200599996|-87.6277335692|27.0
2355125|2014|6|27|0|23|Subscriber|Male|2014-06-30 23:07:00|2014-06-30 23:16:00|8.75|68.0|tstorms|199|Wabash Ave & Grand Ave|41.891738000000004|-87.626937|15.0|24|Fairbanks Ct & Grand Ave|41.89186|-87.62062|15.0
2355123|2014|6|27|0|23|Subscriber|Male|2014-06-30 23:06:00|2014-06-30 23:09:00|2.783333333333333|68.0|tstorms|238|Ravenswood Ave & Montrose Ave|41.961626|-87.67410100000001|15.0|316|Damen Ave & Sunnyside Ave|41.96325|-87.67925799999999|19.0
2355116|2014|6|27|0|22|Subscriber|Male|2014-06-30 22:46:00|2014-06-30 22:51:00|4.833333333333333|68.0|tstorms|169|Canal St & Harrison St|41.874337|-87.639566|15.0|91|Clinton St & Washington Blvd|41.883379999999995|-87.64116999999999|31.0
2355111|2014|6|27|0|22|Subscriber|Male|2014-06-30 22:22:00|2014-06-30 22:27:00|5.466666666666667|68.0|tstorms|100|Orleans St & Merchandise Mart Plaza|41.888243|-87.63639|23.0|192|Canal St & Adams St|41.878948|-87.63975|39.0
2355110|2014|6|27|0|22|Subscriber|Female|2014-06-30 22:17:00|2014-06-30 22:22:00|5.483333333333333|68.0|tstorms|267|Lake Park Ave & 47th St|41.809443|-87.591875|15.0|322|Kimbark Ave & 53rd St|41.799568|-87.594747|15.0
2355106|2014|6|27|0|22|Subscriber|Male|2014-06-30 22:14:00|2014-06-30 22:17:00|2.716666666666667|68.0|tstorms|50|Clark St & Congress Pkwy|41.8759326655|-87.63058453549999|27.0|49|Dearborn St & Monroe St|41.881319815|-87.6295209193|27.0
2355100|2014|6|27|0|22|Subscriber|Female|2014-06-30 22:04:00|2014-06-30 22:08:00|3.7666666666666666|68.0|tstorms|210|Ashland Ave & Division St|41.903448|-87.669313|19.0|350|Ashland Ave & Chicago Ave|41.895965999999994|-87.66774699999999|15.0
2355098|2014|6|27|0|22|Subscriber|Female|2014-06-30 22:04:00|2014-06-30 22:24:00|20.483333333333334|68.0|tstorms|332|Halsted St & Diversey Pkwy|41.933341|-87.648747|15.0|350|Ashland Ave & Chicago Ave|41.895965999999994|-87.66774699999999|15.0
2355097|2014|6|27|0|22|Subscriber|Male|2014-06-30 22:03:00|2014-06-30 22:10:00|6.916666666666667|68.0|tstorms|80|Aberdeen St & Madison St|41.881487|-87.654752|19.0|91|Clinton St & Washington Blvd|41.883379999999995|-87.64116999999999|31.0
2355096|2014|6|27|0|22|Subscriber|Male|2014-06-30 22:02:00|2014-06-30 22:13:00|11.233333333333333|68.0|tstorms|31|Franklin St & Chicago Ave|41.89680204|-87.63563839|23.0|287|Franklin St & Arcade Pl|41.881469|-87.635177|27.0
2355095|2014|6|27|0|22|Subscriber|Female|2014-06-30 22:01:00|2014-06-30 22:29:00|27.5|68.0|tstorms|199|Wabash Ave & Grand Ave|41.891738000000004|-87.626937|15.0|69|Damen Ave & Pierce Ave|41.9093960065|-87.6776919292|19.0
2355092|2014|6|27|0|21|Subscriber|Male|2014-06-30 21:55:00|2014-06-30 21:59:00|4.15|70.0|tstorms|181|LaSalle St & Illinois St|41.890749|-87.63206|31.0|51|Clark St & Randolph St|41.884576228|-87.63188991|31.0
2355091|2014|6|27|0|21|Subscriber|Male|2014-06-30 21:55:00|2014-06-30 22:01:00|5.633333333333334|70.0|tstorms|289|Wells St & Concord Ln|41.912202|-87.634664|19.0|138|Clybourn Ave & Division St|41.904509000000004|-87.6405|15.0
2355081|2014|6|27|0|21|Subscriber|Female|2014-06-30 21:46:00|2014-06-30 21:54:00|8.116666666666667|70.0|tstorms|25|Michigan Ave & Pearson St|41.897659999999995|-87.62351|23.0|140|Dearborn Pkwy & Delaware Pl|41.899007|-87.629928|19.0
2355079|2014|6|27|0|21|Subscriber|Male|2014-06-30 21:45:00|2014-06-30 21:56:00|10.85|70.0|tstorms|173|Mies van der Rohe Way & Chicago Ave|41.89691|-87.62174300000001|15.0|74|Kingsbury St & Erie St|41.89384315|-87.64185116|23.0
2355076|2014|6|27|0|21|Subscriber|Male|2014-06-30 21:45:00|2014-06-30 21:48:00|2.816666666666667|70.0|tstorms|30|Ashland Ave & Augusta Blvd|41.899643|-87.6677|15.0|183|Damen Ave & Augusta Blvd|41.899714|-87.677234|15.0
2355075|2014|6|27|0|21|Subscriber|Male|2014-06-30 21:44:00|2014-06-30 22:07:00|22.333333333333332|70.0|tstorms|177|Theater on the Lake|41.926277|-87.630834|15.0|294|Broadway & Berwyn Ave|41.978353000000006|-87.65975300000001|15.0
2355073|2014|6|27|0|21|Subscriber|Male|2014-06-30 21:44:00|2014-06-30 22:02:00|18.116666666666667|70.0|tstorms|24|Fairbanks Ct & Grand Ave|41.89186|-87.62062|15.0|118|Sedgwick St & North Ave|41.910579|-87.63861800000001|19.0
2355072|2014|6|27|0|21|Subscriber|Male|2014-06-30 21:44:00|2014-06-30 21:53:00|9.2|70.0|tstorms|25|Michigan Ave & Pearson St|41.897659999999995|-87.62351|23.0|52|Michigan Ave & Lake St|41.886024|-87.624117|31.0
2355069|2014|6|27|0|21|Subscriber|Male|2014-06-30 21:44:00|2014-06-30 21:51:00|7.05|70.0|tstorms|287|Franklin St & Arcade Pl|41.881469|-87.635177|27.0|84|Green St & Milwaukee Ave|41.891733|-87.64872700000001|19.0
2355067|2014|6|27|0|21|Subscriber|Male|2014-06-30 21:44:00|2014-06-30 21:46:00|2.1|70.0|tstorms|240|Sheridan Rd & Irving Park Rd|41.954245|-87.65440600000001|23.0|254|Pine Grove Ave & Irving Park Rd|41.954383|-87.648043|15.0
2355065|2014|6|27|0|21|Subscriber|Male|2014-06-30 21:43:00|2014-06-30 21:50:00|6.4|70.0|tstorms|291|Wells St & Evergreen Ave|41.906724|-87.63483000000001|19.0|337|Clark St & Chicago Ave|41.896544|-87.630931|19.0
2355064|2014|6|27|0|21|Subscriber|Male|2014-06-30 21:43:00|2014-06-30 22:00:00|17.633333333333333|70.0|tstorms|20|Sheffield Ave & Kingsbury St|41.90959193|-87.65349723|15.0|230|Lincoln Ave & Roscoe St|41.94334|-87.67097|19.0
2355061|2014|6|27|0|21|Subscriber|Female|2014-06-30 21:42:00|2014-06-30 21:57:00|15.1|70.0|tstorms|202|Halsted St & 18th St|41.857499|-87.646277|15.0|321|Wabash Ave & 8th St|41.871961999999996|-87.62610600000001|19.0
2355059|2014|6|27|0|21|Subscriber|Male|2014-06-30 21:39:00|2014-06-30 21:55:00|15.783333333333333|70.0|tstorms|120|Wentworth Ave & Archer Ave|41.854564|-87.631937|15.0|132|Wentworth Ave & 24th St|41.849237|-87.631715|15.0
2355057|2014|6|27|0|21|Subscriber|Male|2014-06-30 21:38:00|2014-06-30 21:43:00|4.266666666666667|70.0|tstorms|284|Michigan Ave & Jackson Blvd|41.87785|-87.62408|23.0|286|Franklin St & Quincy St|41.878724|-87.634793|23.0
2355056|2014|6|27|0|21|Subscriber|Male|2014-06-30 21:38:00|2014-06-30 21:52:00|13.866666666666667|70.0|tstorms|43|Michigan Ave & Washington St|41.8838927658|-87.6246491409|43.0|338|Calumet Ave & 18th St|41.857611|-87.619407|15.0
2355055|2014|6|27|0|21|Subscriber|Male|2014-06-30 21:37:00|2014-06-30 21:45:00|7.566666666666666|70.0|tstorms|289|Wells St & Concord Ln|41.912202|-87.634664|19.0|337|Clark St & Chicago Ave|41.896544|-87.630931|19.0
2355052|2014|6|27|0|21|Subscriber|Male|2014-06-30 21:30:00|2014-06-30 21:32:00|2.0166666666666666|70.0|tstorms|141|Clark St & Lincoln Ave|41.915689|-87.6346|23.0|289|Wells St & Concord Ln|41.912202|-87.634664|19.0
2355050|2014|6|27|0|21|Subscriber|Male|2014-06-30 21:29:00|2014-06-30 21:44:00|14.716666666666667|70.0|tstorms|26|McClurg Ct & Illinois St|41.891020000000005|-87.6173|31.0|177|Theater on the Lake|41.926277|-87.630834|15.0
2355049|2014|6|27|0|21|Subscriber|Male|2014-06-30 21:29:00|2014-06-30 21:33:00|3.7666666666666666|70.0|tstorms|229|Southport Ave & Roscoe St|41.943739|-87.66402|19.0|153|Southport Ave & Wellington Ave|41.935733|-87.663576|19.0
2355048|2014|6|27|0|21|Subscriber|Female|2014-06-30 21:27:00|2014-06-30 21:40:00|13.366666666666667|70.0|tstorms|202|Halsted St & 18th St|41.857499|-87.646277|15.0|280|Morgan St & 31st St|41.8378|-87.65114|11.0
2355046|2014|6|27|0|21|Subscriber|Male|2014-06-30 21:26:00|2014-06-30 21:42:00|16.05|70.0|tstorms|143|Sedgwick St & Webster Ave|41.92197|-87.63854|15.0|143|Sedgwick St & Webster Ave|41.92197|-87.63854|15.0
2355045|2014|6|27|0|21|Subscriber|Male|2014-06-30 21:26:00|2014-06-30 21:48:00|21.866666666666667|70.0|tstorms|210|Ashland Ave & Division St|41.903448|-87.669313|19.0|246|Ashland Ave & Belle Plaine Ave|41.956061|-87.668869|11.0
2355044|2014|6|27|0|21|Subscriber|Female|2014-06-30 21:26:00|2014-06-30 21:37:00|10.5|70.0|tstorms|74|Kingsbury St & Erie St|41.89384315|-87.64185116|23.0|289|Wells St & Concord Ln|41.912202|-87.634664|19.0
2355039|2014|6|27|0|21|Subscriber|Male|2014-06-30 21:22:00|2014-06-30 21:39:00|17.316666666666666|70.0|tstorms|264|Stetson Ave & South Water St|41.886835|-87.62232|19.0|147|Indiana Ave & 26th St|41.8457|-87.62248000000001|15.0
2355038|2014|6|27|0|21|Subscriber|Male|2014-06-30 21:22:00|2014-06-30 21:29:00|7.45|70.0|tstorms|100|Orleans St & Merchandise Mart Plaza|41.888243|-87.63639|23.0|26|McClurg Ct & Illinois St|41.891020000000005|-87.6173|31.0
2355034|2014|6|27|0|21|Subscriber|Male|2014-06-30 21:20:00|2014-06-30 21:31:00|11.633333333333333|70.0|tstorms|48|Larrabee St & Kingsbury St|41.897764|-87.642884|27.0|99|Lake Shore Dr & Ohio St|41.89257|-87.614492|19.0
2355018|2014|6|27|0|21|Subscriber|Male|2014-06-30 21:16:00|2014-06-30 21:24:00|7.733333333333333|70.0|tstorms|67|Sheffield Ave & Fullerton Ave|41.9256018819|-87.6537080423|15.0|117|Wilton Ave & Belmont Ave|41.94018|-87.65304|23.0
2355013|2014|6|27|0|21|Subscriber|Male|2014-06-30 21:14:00|2014-06-30 21:18:00|3.95|70.0|tstorms|324|Stockton Dr & Wrightwood Ave|41.93132|-87.63874200000001|15.0|332|Halsted St & Diversey Pkwy|41.933341|-87.648747|15.0
2355011|2014|6|27|0|21|Subscriber|Male|2014-06-30 21:14:00|2014-06-30 21:32:00|17.983333333333334|70.0|tstorms|88|May St & Randolph St|41.88397|-87.655688|15.0|27|Larrabee St & North Ave|41.91021|-87.6435|19.0
2355004|2014|6|27|0|21|Subscriber|Female|2014-06-30 21:12:00|2014-06-30 21:21:00|8.75|70.0|tstorms|52|Michigan Ave & Lake St|41.886024|-87.624117|31.0|255|Indiana Ave & Roosevelt Rd|41.867888|-87.623041|31.0
2355000|2014|6|27|0|21|Subscriber|Male|2014-06-30 21:11:00|2014-06-30 21:26:00|14.966666666666667|70.0|tstorms|71|Morgan St & Lake St|41.8854833079|-87.6523048564|15.0|130|Damen Ave & Division St|41.90331|-87.67695|15.0
2354996|2014|6|27|0|21|Subscriber|Female|2014-06-30 21:10:00|2014-06-30 21:15:00|4.683333333333334|70.0|tstorms|36|Franklin St & Jackson Blvd|41.8777079559|-87.6353211408|31.0|100|Orleans St & Merchandise Mart Plaza|41.888243|-87.63639|23.0
2354995|2014|6|27|0|21|Subscriber|Male|2014-06-30 21:10:00|2014-06-30 21:14:00|4.05|70.0|tstorms|36|Franklin St & Jackson Blvd|41.8777079559|-87.6353211408|31.0|77|Clinton St & Madison St|41.8815824|-87.64127743|23.0
2354992|2014|6|27|0|21|Subscriber|Male|2014-06-30 21:09:00|2014-06-30 21:19:00|10.3|70.0|tstorms|106|State St & Pearson St|41.897448|-87.628722|27.0|174|Canal St & Madison St|41.882090999999996|-87.639833|23.0
2354972|2014|6|27|0|21|Subscriber|Male|2014-06-30 21:04:00|2014-06-30 21:09:00|4.316666666666666|70.0|tstorms|340|Clark St & Wrightwood Ave|41.929546|-87.643118|15.0|302|Sheffield Ave & Wrightwood Ave|41.928712|-87.65383299999999|19.0
2354970|2014|6|27|0|21|Subscriber|Male|2014-06-30 21:04:00|2014-06-30 21:09:00|4.45|70.0|tstorms|67|Sheffield Ave & Fullerton Ave|41.9256018819|-87.6537080423|15.0|340|Clark St & Wrightwood Ave|41.929546|-87.643118|15.0
2354964|2014|6|27|0|21|Subscriber|Female|2014-06-30 21:03:00|2014-06-30 21:11:00|8.216666666666667|70.0|tstorms|116|Western Ave & Winnebago Ave|41.915533|-87.687051|15.0|130|Damen Ave & Division St|41.90331|-87.67695|15.0
2354962|2014|6|27|0|21|Subscriber|Male|2014-06-30 21:02:00|2014-06-30 21:15:00|12.4|70.0|tstorms|44|State St & Randolph St|41.884730200599996|-87.6277335692|27.0|126|Clark St & North Ave|41.911974|-87.63194200000001|15.0
2354946|2014|6|27|0|21|Subscriber|Male|2014-06-30 21:00:00|2014-06-30 21:05:00|4.583333333333333|70.0|tstorms|98|LaSalle St & Washington St|41.882664|-87.63253|15.0|192|Canal St & Adams St|41.878948|-87.63975|39.0
2354942|2014|6|27|0|21|Subscriber|Male|2014-06-30 21:00:00|2014-06-30 21:04:00|4.116666666666666|70.0|tstorms|174|Canal St & Madison St|41.882090999999996|-87.639833|23.0|134|Peoria St & Jackson Blvd|41.877749|-87.649633|19.0
2354939|2014|6|27|0|20|Subscriber|Male|2014-06-30 20:59:00|2014-06-30 21:08:00|9.183333333333334|70.0|rain or snow|42|Wabash Ave & Cermak Rd|41.8532387578|-87.6253370902|15.0|237|Martin Luther King Dr & 29th St|41.842052|-87.617|15.0
2354910|2014|6|27|0|20|Subscriber|Male|2014-06-30 20:53:00|2014-06-30 21:05:00|12.15|70.0|rain or snow|55|Halsted St & James M Rochford St|41.865860999999995|-87.646611|15.0|273|Michigan Ave & 18th St|41.857937|-87.623633|15.0
2354897|2014|6|27|0|20|Subscriber|Female|2014-06-30 20:45:00|2014-06-30 20:49:00|3.4166666666666665|70.0|rain or snow|325|Clark St & Winnemac Ave|41.973385|-87.66836500000001|15.0|295|Broadway & Argyle St|41.972972|-87.659637|15.0
2354893|2014|6|27|0|20|Subscriber|Female|2014-06-30 20:48:00|2014-06-30 20:52:00|3.95|70.0|rain or snow|115|Sheffield Ave & Wellington Ave|41.936253|-87.653566|23.0|13|Wilton Ave & Diversey Pkwy|41.93250008|-87.65268082|19.0
2354892|2014|6|27|0|20|Subscriber|Female|2014-06-30 20:48:00|2014-06-30 20:52:00|4.2|70.0|rain or snow|267|Lake Park Ave & 47th St|41.809443|-87.591875|15.0|252|Greenwood Ave & 47th St|41.809835|-87.59938299999999|15.0
2354887|2014|6|27|0|20|Subscriber|Male|2014-06-30 20:48:00|2014-06-30 20:55:00|7.483333333333333|70.0|rain or snow|49|Dearborn St & Monroe St|41.881319815|-87.6295209193|27.0|233|Sangamon St & Washington Blvd|41.883004|-87.65114799999999|15.0
2354886|2014|6|27|0|20|Subscriber|Male|2014-06-30 20:48:00|2014-06-30 21:00:00|12.183333333333334|70.0|rain or snow|288|Larrabee St & Armitage Ave|41.917970000000004|-87.64368|11.0|69|Damen Ave & Pierce Ave|41.9093960065|-87.6776919292|19.0
2354876|2014|6|27|0|20|Subscriber|Male|2014-06-30 20:45:00|2014-06-30 20:48:00|3.2333333333333334|70.0|rain or snow|98|LaSalle St & Washington St|41.882664|-87.63253|15.0|44|State St & Randolph St|41.884730200599996|-87.6277335692|27.0
2354875|2014|6|27|0|20|Subscriber|Male|2014-06-30 20:45:00|2014-06-30 20:47:00|2.066666666666667|70.0|rain or snow|113|Bissell St & Armitage Ave|41.918440000000004|-87.65222|15.0|327|Sheffield Ave & Webster Ave|41.921687|-87.65371400000001|19.0
2354874|2014|6|27|0|20|Subscriber|Female|2014-06-30 20:45:00|2014-06-30 20:57:00|12.266666666666667|70.0|rain or snow|211|St Clair St & Erie St|41.894448|-87.622663|19.0|94|Clark St & Armitage Ave|41.918306|-87.636282|19.0
2354873|2014|6|27|0|20|Subscriber|Male|2014-06-30 20:44:00|2014-06-30 20:56:00|11.2|70.0|rain or snow|243|Lincoln Ave & Leavitt St|41.962391|-87.684146|15.0|231|Sheridan Rd & Montrose Ave|41.96167|-87.65464|15.0
2354869|2014|6|27|0|20|Subscriber|Male|2014-06-30 20:44:00|2014-06-30 20:54:00|9.883333333333333|70.0|rain or snow|283|LaSalle St & Jackson Blvd|41.878170000000004|-87.631985|23.0|36|Franklin St & Jackson Blvd|41.8777079559|-87.6353211408|31.0
2354868|2014|6|27|0|20|Subscriber|Male|2014-06-30 20:44:00|2014-06-30 20:54:00|10.083333333333334|70.0|rain or snow|283|LaSalle St & Jackson Blvd|41.878170000000004|-87.631985|23.0|36|Franklin St & Jackson Blvd|41.8777079559|-87.6353211408|31.0
2354862|2014|6|27|0|20|Subscriber|Female|2014-06-30 20:42:00|2014-06-30 20:48:00|5.166666666666667|70.0|rain or snow|156|Clark St & Wellington Ave|41.9364968219|-87.64753865819999|15.0|340|Clark St & Wrightwood Ave|41.929546|-87.643118|15.0
2354857|2014|6|27|0|20|Subscriber|Male|2014-06-30 20:42:00|2014-06-30 20:53:00|11.383333333333333|70.0|rain or snow|94|Clark St & Armitage Ave|41.918306|-87.636282|19.0|94|Clark St & Armitage Ave|41.918306|-87.636282|19.0
2354854|2014|6|27|0|20|Subscriber|Male|2014-06-30 20:41:00|2014-06-30 21:01:00|20.35|70.0|rain or snow|134|Peoria St & Jackson Blvd|41.877749|-87.649633|19.0|129|Blue Island Ave & 18th St|41.857556|-87.661535|15.0
2354846|2014|6|27|0|20|Subscriber|Female|2014-06-30 20:38:00|2014-06-30 20:44:00|6.633333333333334|70.0|rain or snow|296|Broadway & Belmont Ave|41.940106|-87.645451|15.0|226|Racine Ave & Belmont Ave|41.939743|-87.658865|15.0
2354845|2014|6|27|0|20|Subscriber|Male|2014-06-30 20:36:00|2014-06-30 20:48:00|11.316666666666666|70.0|rain or snow|212|Wells St & Hubbard St|41.889933|-87.63426199999999|31.0|301|Clark St & Schiller St|41.907993|-87.631501|19.0
2354844|2014|6|27|0|20|Subscriber|Male|2014-06-30 20:35:00|2014-06-30 20:39:00|4.066666666666666|70.0|rain or snow|99|Lake Shore Dr & Ohio St|41.89257|-87.614492|19.0|199|Wabash Ave & Grand Ave|41.891738000000004|-87.626937|15.0
2354842|2014|6|27|0|20|Subscriber|Male|2014-06-30 20:34:00|2014-06-30 20:42:00|8.066666666666666|70.0|rain or snow|300|Broadway & Barry Ave|41.937601|-87.644005|15.0|312|Clarendon Ave & Gordon Ter|41.957879|-87.649519|15.0
2354841|2014|6|27|0|20|Subscriber|Female|2014-06-30 20:34:00|2014-06-30 20:43:00|9.0|70.0|rain or snow|113|Bissell St & Armitage Ave|41.918440000000004|-87.65222|15.0|115|Sheffield Ave & Wellington Ave|41.936253|-87.653566|23.0
2354840|2014|6|27|0|20|Subscriber|Female|2014-06-30 20:33:00|2014-06-30 20:46:00|12.8|70.0|rain or snow|81|Daley Center Plaza|41.884163|-87.629635|39.0|134|Peoria St & Jackson Blvd|41.877749|-87.649633|19.0
2354831|2014|6|27|0|20|Subscriber|Male|2014-06-30 20:31:00|2014-06-30 20:37:00|6.083333333333333|70.0|rain or snow|100|Orleans St & Merchandise Mart Plaza|41.888243|-87.63639|23.0|23|Orleans St & Elm St|41.902924|-87.637715|15.0
2354828|2014|6|27|0|20|Subscriber|Male|2014-06-30 20:31:00|2014-06-30 20:39:00|8.883333333333333|70.0|rain or snow|342|Wolcott Ave & Polk St|41.871262|-87.673688|15.0|19|Loomis St & Taylor St|41.869417|-87.660996|15.0
2354826|2014|6|27|0|20|Subscriber|Male|2014-06-30 20:31:00|2014-06-30 20:33:00|2.566666666666667|70.0|rain or snow|59|Wabash Ave & Roosevelt Rd|41.8671729952|-87.6259550069|19.0|168|Michigan Ave & 14th St|41.864059000000005|-87.623727|19.0
2354825|2014|6|27|0|20|Subscriber|Male|2014-06-30 20:26:00|2014-06-30 20:43:00|16.8|70.0|rain or snow|36|Franklin St & Jackson Blvd|41.8777079559|-87.6353211408|31.0|283|LaSalle St & Jackson Blvd|41.878170000000004|-87.631985|23.0
2354822|2014|6|27|0|20|Subscriber|Male|2014-06-30 20:29:00|2014-06-30 20:34:00|5.233333333333333|70.0|rain or snow|321|Wabash Ave & 8th St|41.871961999999996|-87.62610600000001|19.0|59|Wabash Ave & Roosevelt Rd|41.8671729952|-87.6259550069|19.0
2354820|2014|6|27|0|20|Subscriber|Female|2014-06-30 20:29:00|2014-06-30 20:49:00|20.616666666666667|70.0|rain or snow|126|Clark St & North Ave|41.911974|-87.63194200000001|15.0|296|Broadway & Belmont Ave|41.940106|-87.645451|15.0
2354819|2014|6|27|0|20|Subscriber|Male|2014-06-30 20:29:00|2014-06-30 20:38:00|8.933333333333334|70.0|rain or snow|349|Halsted St & Wrightwood Ave|41.929142999999996|-87.649077|15.0|225|Halsted St & Dickens Ave|41.919936|-87.64883|15.0
2354807|2014|6|27|0|20|Subscriber|Male|2014-06-30 20:27:00|2014-06-30 20:34:00|7.133333333333334|70.0|rain or snow|91|Clinton St & Washington Blvd|41.883379999999995|-87.64116999999999|31.0|50|Clark St & Congress Pkwy|41.8759326655|-87.63058453549999|27.0
2354801|2014|6|27|0|20|Subscriber|Male|2014-06-30 20:26:00|2014-06-30 20:43:00|17.25|70.0|rain or snow|36|Franklin St & Jackson Blvd|41.8777079559|-87.6353211408|31.0|283|LaSalle St & Jackson Blvd|41.878170000000004|-87.631985|23.0
2354798|2014|6|27|0|20|Subscriber|Male|2014-06-30 20:26:00|2014-06-30 20:42:00|16.266666666666666|70.0|rain or snow|331|Halsted St & Blackhawk St|41.90854|-87.64856800000001|19.0|276|California Ave & North Ave|41.91044|-87.6972|11.0
2354797|2014|6|27|0|20|Subscriber|Male|2014-06-30 20:26:00|2014-06-30 20:35:00|9.683333333333334|70.0|rain or snow|256|Broadway & Sheridan Rd|41.952833|-87.64999300000001|15.0|152|Lincoln Ave & Diversey Pkwy|41.932225|-87.658617|15.0
2354793|2014|6|27|0|20|Subscriber|Male|2014-06-30 20:25:00|2014-06-30 20:27:00|2.15|70.0|rain or snow|226|Racine Ave & Belmont Ave|41.939743|-87.658865|15.0|154|Southport Ave & Belmont Ave|41.93949|-87.66378|15.0
2354791|2014|6|27|0|20|Subscriber|Male|2014-06-30 20:24:00|2014-06-30 20:41:00|16.616666666666667|70.0|rain or snow|198|Halsted St & Madison St|41.88175|-87.6478|19.0|207|Emerald Ave & 28th St|41.843579999999996|-87.645368|15.0
2354787|2014|6|27|0|20|Subscriber|Male|2014-06-30 20:22:00|2014-06-30 20:28:00|5.833333333333333|70.0|rain or snow|197|Michigan Ave & Madison St|41.882134|-87.625125|19.0|192|Canal St & Adams St|41.878948|-87.63975|39.0
2354786|2014|6|27|0|20|Subscriber|Male|2014-06-30 20:21:00|2014-06-30 20:25:00|4.533333333333333|70.0|rain or snow|153|Southport Ave & Wellington Ave|41.935733|-87.663576|19.0|229|Southport Ave & Roscoe St|41.943739|-87.66402|19.0
2354785|2014|6|27|0|20|Subscriber|Male|2014-06-30 20:21:00|2014-06-30 20:25:00|4.516666666666667|70.0|rain or snow|153|Southport Ave & Wellington Ave|41.935733|-87.663576|19.0|229|Southport Ave & Roscoe St|41.943739|-87.66402|19.0
2354784|2014|6|27|0|20|Subscriber|Male|2014-06-30 20:21:00|2014-06-30 20:25:00|4.65|70.0|rain or snow|153|Southport Ave & Wellington Ave|41.935733|-87.663576|19.0|229|Southport Ave & Roscoe St|41.943739|-87.66402|19.0
2354779|2014|6|27|0|20|Subscriber|Male|2014-06-30 20:19:00|2014-06-30 20:25:00|6.316666666666666|70.0|rain or snow|337|Clark St & Chicago Ave|41.896544|-87.630931|19.0|289|Wells St & Concord Ln|41.912202|-87.634664|19.0
2354778|2014|6|27|0|20|Subscriber|Male|2014-06-30 20:18:00|2014-06-30 20:27:00|9.133333333333333|70.0|rain or snow|195|Columbus Dr & Randolph St|41.884728|-87.61952099999999|31.0|91|Clinton St & Washington Blvd|41.883379999999995|-87.64116999999999|31.0
2354777|2014|6|27|0|20|Subscriber|Male|2014-06-30 20:18:00|2014-06-30 20:26:00|8.05|70.0|rain or snow|37|Dearborn St & Adams St|41.8793563587|-87.62979103629999|19.0|43|Michigan Ave & Washington St|41.8838927658|-87.6246491409|43.0
2354776|2014|6|27|0|20|Subscriber|Female|2014-06-30 20:17:00|2014-06-30 20:25:00|7.966666666666667|70.0|rain or snow|254|Pine Grove Ave & Irving Park Rd|41.954383|-87.648043|15.0|251|Clarendon Ave & Leland Ave|41.967968|-87.650001|15.0
2354775|2014|6|27|0|20|Subscriber|Male|2014-06-30 20:15:00|2014-06-30 20:25:00|10.0|70.0|rain or snow|47|State St & Kinzie St|41.889179999999996|-87.6277|19.0|91|Clinton St & Washington Blvd|41.883379999999995|-87.64116999999999|31.0
2354774|2014|6|27|0|20|Subscriber|Male|2014-06-30 20:15:00|2014-06-30 20:19:00|3.6666666666666665|70.0|rain or snow|227|Southport Ave & Waveland Ave|41.94815|-87.66394|15.0|165|Clark St & Waveland Ave|41.94893|-87.65775|19.0
2354770|2014|6|27|0|20|Subscriber|Male|2014-06-30 20:11:00|2014-06-30 20:22:00|11.383333333333333|70.0|rain or snow|199|Wabash Ave & Grand Ave|41.891738000000004|-87.626937|15.0|59|Wabash Ave & Roosevelt Rd|41.8671729952|-87.6259550069|19.0
2354769|2014|6|27|0|20|Subscriber|Female|2014-06-30 20:11:00|2014-06-30 20:20:00|9.766666666666667|70.0|rain or snow|24|Fairbanks Ct & Grand Ave|41.89186|-87.62062|15.0|56|Desplaines St & Kinzie St|41.888716036|-87.6444478533|19.0
2354768|2014|6|27|0|20|Subscriber|Male|2014-06-30 20:10:00|2014-06-30 20:19:00|8.9|70.0|rain or snow|238|Ravenswood Ave & Montrose Ave|41.961626|-87.67410100000001|15.0|240|Sheridan Rd & Irving Park Rd|41.954245|-87.65440600000001|23.0
2354767|2014|6|27|0|20|Subscriber|Male|2014-06-30 20:09:00|2014-06-30 20:17:00|8.033333333333333|70.0|rain or snow|53|Wells St & Erie St|41.893832|-87.63419499999999|19.0|92|Carpenter St & Huron St|41.894556|-87.653449|19.0
2354766|2014|6|27|0|20|Subscriber|Male|2014-06-30 20:09:00|2014-06-30 20:17:00|7.516666666666667|70.0|rain or snow|165|Clark St & Waveland Ave|41.94893|-87.65775|19.0|306|Sheridan Rd & Buena Ave|41.9584|-87.65423|15.0
2354765|2014|6|27|0|20|Subscriber|Male|2014-06-30 20:09:00|2014-06-30 20:18:00|9.033333333333333|70.0|rain or snow|211|St Clair St & Erie St|41.894448|-87.622663|19.0|66|Clinton St & Lake St|41.8858327415|-87.6413823149|19.0
2354764|2014|6|27|0|20|Subscriber|Male|2014-06-30 20:09:00|2014-06-30 20:37:00|28.283333333333335|70.0|rain or snow|47|State St & Kinzie St|41.889179999999996|-87.6277|19.0|276|California Ave & North Ave|41.91044|-87.6972|11.0
2354763|2014|6|27|0|20|Subscriber|Male|2014-06-30 20:08:00|2014-06-30 20:14:00|5.3|70.0|rain or snow|304|Halsted St & Waveland Ave|41.949375|-87.649626|15.0|245|Clarendon Ave & Junior Ter|41.961003999999996|-87.649603|15.0
2354762|2014|6|27|0|20|Subscriber|Male|2014-06-30 20:08:00|2014-06-30 20:28:00|20.316666666666666|70.0|rain or snow|148|State St & 33rd St|41.834734000000005|-87.625813|11.0|171|May St & Cullerton St|41.855136|-87.654127|11.0
2354760|2014|6|27|0|20|Subscriber|Male|2014-06-30 20:07:00|2014-06-30 20:22:00|14.283333333333333|70.0|rain or snow|185|Stave St & Armitage Ave|41.917741|-87.69139200000001|11.0|223|Clifton Ave & Armitage Ave|41.918215999999994|-87.656936|15.0
2354759|2014|6|27|0|20|Subscriber|Male|2014-06-30 20:07:00|2014-06-30 20:15:00|7.5|70.0|rain or snow|55|Halsted St & James M Rochford St|41.865860999999995|-87.646611|15.0|19|Loomis St & Taylor St|41.869417|-87.660996|15.0
2354758|2014|6|27|0|20|Subscriber|Male|2014-06-30 20:07:00|2014-06-30 20:18:00|11.116666666666667|70.0|rain or snow|90|Millennium Park|41.8810317|-87.62408432|35.0|48|Larrabee St & Kingsbury St|41.897764|-87.642884|27.0
2354754|2014|6|27|0|20|Subscriber|Male|2014-06-30 20:06:00|2014-06-30 20:14:00|7.766666666666667|70.0|rain or snow|296|Broadway & Belmont Ave|41.940106|-87.645451|15.0|152|Lincoln Ave & Diversey Pkwy|41.932225|-87.658617|15.0
2354752|2014|6|27|0|20|Subscriber|Female|2014-06-30 20:05:00|2014-06-30 20:10:00|5.083333333333333|70.0|rain or snow|227|Southport Ave & Waveland Ave|41.94815|-87.66394|15.0|154|Southport Ave & Belmont Ave|41.93949|-87.66378|15.0
2354751|2014|6|27|0|20|Subscriber|Male|2014-06-30 20:05:00|2014-06-30 20:14:00|8.966666666666667|70.0|rain or snow|26|McClurg Ct & Illinois St|41.891020000000005|-87.6173|31.0|100|Orleans St & Merchandise Mart Plaza|41.888243|-87.63639|23.0
2354747|2014|6|27|0|20|Subscriber|Male|2014-06-30 20:03:00|2014-06-30 20:10:00|7.05|70.0|rain or snow|140|Dearborn Pkwy & Delaware Pl|41.899007|-87.629928|19.0|44|State St & Randolph St|41.884730200599996|-87.6277335692|27.0
2354746|2014|6|27|0|20|Subscriber|Male|2014-06-30 20:03:00|2014-06-30 20:09:00|6.15|70.0|rain or snow|164|Franklin St & Lake St|41.885837|-87.6355|23.0|71|Morgan St & Lake St|41.8854833079|-87.6523048564|15.0
2354744|2014|6|27|0|20|Subscriber|Male|2014-06-30 20:02:00|2014-06-30 20:09:00|7.733333333333333|70.0|rain or snow|43|Michigan Ave & Washington St|41.8838927658|-87.6246491409|43.0|175|Wells St & Polk St|41.872372999999996|-87.633523|19.0
2354741|2014|6|27|0|20|Subscriber|Female|2014-06-30 20:00:00|2014-06-30 20:16:00|15.5|70.0|rain or snow|5|State St & Harrison St|41.8739580629|-87.62773948590001|19.0|66|Clinton St & Lake St|41.8858327415|-87.6413823149|19.0
2354740|2014|6|27|0|20|Subscriber|Female|2014-06-30 20:01:00|2014-06-30 20:11:00|10.116666666666667|70.0|rain or snow|141|Clark St & Lincoln Ave|41.915689|-87.6346|23.0|177|Theater on the Lake|41.926277|-87.630834|15.0
2354737|2014|6|27|0|20|Subscriber|Male|2014-06-30 20:00:00|2014-06-30 20:26:00|25.316666666666666|70.0|rain or snow|90|Millennium Park|41.8810317|-87.62408432|35.0|29|Noble St & Milwaukee Ave|41.90068|-87.6626|15.0
2354735|2014|6|27|0|19|Subscriber|Male|2014-06-30 19:59:00|2014-06-30 20:03:00|3.6|73.0|tstorms|277|Ashland Ave & Grand Ave|41.891071999999994|-87.666611|15.0|214|Damen Ave & Grand Ave|41.891220000000004|-87.67685999999999|15.0
2354733|2014|6|27|0|19|Subscriber|Male|2014-06-30 19:59:00|2014-06-30 20:05:00|5.666666666666667|73.0|tstorms|59|Wabash Ave & Roosevelt Rd|41.8671729952|-87.6259550069|19.0|338|Calumet Ave & 18th St|41.857611|-87.619407|15.0
2354723|2014|6|27|0|19|Subscriber|Male|2014-06-30 19:55:00|2014-06-30 20:09:00|13.783333333333333|73.0|tstorms|67|Sheffield Ave & Fullerton Ave|41.9256018819|-87.6537080423|15.0|165|Clark St & Waveland Ave|41.94893|-87.65775|19.0
2354722|2014|6|27|0|19|Subscriber|Male|2014-06-30 19:53:00|2014-06-30 20:04:00|11.2|73.0|tstorms|135|Halsted St & 21st St|41.85378|-87.64665|11.0|278|Wallace Ave & 35th St|41.830628999999995|-87.64129|15.0
2354721|2014|6|27|0|19|Subscriber|Male|2014-06-30 19:51:00|2014-06-30 19:57:00|6.366666666666666|73.0|tstorms|59|Wabash Ave & Roosevelt Rd|41.8671729952|-87.6259550069|19.0|338|Calumet Ave & 18th St|41.857611|-87.619407|15.0
2354718|2014|6|27|0|19|Subscriber|Male|2014-06-30 19:49:00|2014-06-30 20:07:00|18.733333333333334|73.0|tstorms|55|Halsted St & James M Rochford St|41.865860999999995|-87.646611|15.0|55|Halsted St & James M Rochford St|41.865860999999995|-87.646611|15.0
2354716|2014|6|27|0|19|Subscriber|Male|2014-06-30 19:45:00|2014-06-30 19:51:00|6.5|73.0|tstorms|134|Peoria St & Jackson Blvd|41.877749|-87.649633|19.0|346|Ada St & Washington Blvd|41.88283|-87.661206|15.0
2354714|2014|6|27|0|19|Subscriber|Female|2014-06-30 19:42:00|2014-06-30 19:55:00|12.75|73.0|tstorms|284|Michigan Ave & Jackson Blvd|41.87785|-87.62408|23.0|338|Calumet Ave & 18th St|41.857611|-87.619407|15.0
2354713|2014|6|27|0|19|Subscriber|Male|2014-06-30 19:39:00|2014-06-30 19:50:00|10.883333333333333|73.0|tstorms|33|State St & Van Buren St|41.877181|-87.627844|27.0|241|Morgan St & Polk St|41.871736999999996|-87.65103|15.0
2354711|2014|6|27|0|19|Subscriber|Male|2014-06-30 19:37:00|2014-06-30 19:47:00|10.733333333333333|73.0|tstorms|13|Wilton Ave & Diversey Pkwy|41.93250008|-87.65268082|19.0|303|Broadway & Cornelia Ave|41.945512|-87.64598000000001|15.0
2354710|2014|6|27|0|19|Subscriber|Male|2014-06-30 19:37:00|2014-06-30 19:40:00|3.85|73.0|tstorms|232|Pine Grove Ave & Waveland Ave|41.949275|-87.646303|23.0|256|Broadway & Sheridan Rd|41.952833|-87.64999300000001|15.0
2354707|2014|6|27|0|19|Subscriber|Male|2014-06-30 19:35:00|2014-06-30 19:48:00|13.266666666666667|73.0|tstorms|19|Loomis St & Taylor St|41.869417|-87.660996|15.0|55|Halsted St & James M Rochford St|41.865860999999995|-87.646611|15.0
2354702|2014|6|27|0|19|Subscriber|Male|2014-06-30 19:30:00|2014-06-30 19:34:00|4.583333333333333|73.0|tstorms|282|Halsted St & Maxwell St|41.86458|-87.64693|15.0|137|Morgan Ave & 14th Pl|41.862378|-87.651062|15.0
2354701|2014|6|27|0|19|Subscriber|Male|2014-06-30 19:28:00|2014-06-30 19:33:00|5.1|73.0|tstorms|192|Canal St & Adams St|41.878948|-87.63975|39.0|175|Wells St & Polk St|41.872372999999996|-87.633523|19.0
2354700|2014|6|27|0|19|Subscriber|Female|2014-06-30 19:25:00|2014-06-30 19:37:00|12.05|73.0|tstorms|50|Clark St & Congress Pkwy|41.8759326655|-87.63058453549999|27.0|218|Wells St & 19th St|41.856802|-87.63387900000001|11.0
2354696|2014|6|27|0|19|Subscriber|Female|2014-06-30 19:21:00|2014-06-30 19:30:00|9.4|73.0|tstorms|328|Ellis Ave & 58th St|41.788746|-87.601334|15.0|247|Shore Drive & 55th St|41.795212|-87.580715|15.0
2354695|2014|6|27|0|19|Subscriber|Male|2014-06-30 19:20:00|2014-06-30 19:24:00|3.783333333333333|73.0|tstorms|98|LaSalle St & Washington St|41.882664|-87.63253|15.0|164|Franklin St & Lake St|41.885837|-87.6355|23.0
2354693|2014|6|27|0|19|Subscriber|Male|2014-06-30 19:20:00|2014-06-30 19:28:00|8.583333333333334|73.0|tstorms|337|Clark St & Chicago Ave|41.896544|-87.630931|19.0|301|Clark St & Schiller St|41.907993|-87.631501|19.0
2354691|2014|6|27|0|19|Subscriber|Male|2014-06-30 19:19:00|2014-06-30 19:28:00|8.95|73.0|tstorms|52|Michigan Ave & Lake St|41.886024|-87.624117|31.0|284|Michigan Ave & Jackson Blvd|41.87785|-87.62408|23.0
2354688|2014|6|27|0|19|Subscriber|Male|2014-06-30 19:15:00|2014-06-30 19:19:00|4.466666666666667|73.0|tstorms|254|Pine Grove Ave & Irving Park Rd|41.954383|-87.648043|15.0|303|Broadway & Cornelia Ave|41.945512|-87.64598000000001|15.0
2354687|2014|6|27|0|19|Subscriber|Female|2014-06-30 19:18:00|2014-06-30 19:31:00|13.3|73.0|tstorms|289|Wells St & Concord Ln|41.912202|-87.634664|19.0|74|Kingsbury St & Erie St|41.89384315|-87.64185116|23.0
2354685|2014|6|27|0|19|Subscriber|Male|2014-06-30 19:17:00|2014-06-30 19:21:00|3.95|73.0|tstorms|77|Clinton St & Madison St|41.8815824|-87.64127743|23.0|66|Clinton St & Lake St|41.8858327415|-87.6413823149|19.0
2354683|2014|6|27|0|19|Subscriber|Male|2014-06-30 19:17:00|2014-06-30 19:31:00|13.666666666666666|73.0|tstorms|144|Larrabee St & Webster Ave|41.92175|-87.64401|15.0|229|Southport Ave & Roscoe St|41.943739|-87.66402|19.0
2354682|2014|6|27|0|19|Subscriber|Male|2014-06-30 19:17:00|2014-06-30 19:36:00|19.683333333333334|73.0|tstorms|264|Stetson Ave & South Water St|41.886835|-87.62232|19.0|174|Canal St & Madison St|41.882090999999996|-87.639833|23.0
2354681|2014|6|27|0|19|Subscriber|Male|2014-06-30 19:17:00|2014-06-30 19:24:00|7.966666666666667|73.0|tstorms|289|Wells St & Concord Ln|41.912202|-87.634664|19.0|337|Clark St & Chicago Ave|41.896544|-87.630931|19.0
2354680|2014|6|27|0|19|Subscriber|Male|2014-06-30 19:16:00|2014-06-30 19:25:00|8.733333333333333|73.0|tstorms|100|Orleans St & Merchandise Mart Plaza|41.888243|-87.63639|23.0|92|Carpenter St & Huron St|41.894556|-87.653449|19.0
2354678|2014|6|27|0|19|Subscriber|Female|2014-06-30 19:16:00|2014-06-30 19:23:00|6.283333333333333|73.0|tstorms|31|Franklin St & Chicago Ave|41.89680204|-87.63563839|23.0|301|Clark St & Schiller St|41.907993|-87.631501|19.0
2354667|2014|6|27|0|19|Subscriber|Male|2014-06-30 19:15:00|2014-06-30 19:21:00|5.8|73.0|tstorms|140|Dearborn Pkwy & Delaware Pl|41.899007|-87.629928|19.0|74|Kingsbury St & Erie St|41.89384315|-87.64185116|23.0
2354665|2014|6|27|0|19|Subscriber|Female|2014-06-30 19:15:00|2014-06-30 19:21:00|5.583333333333333|73.0|tstorms|284|Michigan Ave & Jackson Blvd|41.87785|-87.62408|23.0|255|Indiana Ave & Roosevelt Rd|41.867888|-87.623041|31.0
2354661|2014|6|27|0|19|Subscriber|Female|2014-06-30 19:15:00|2014-06-30 19:18:00|2.716666666666667|73.0|tstorms|130|Damen Ave & Division St|41.90331|-87.67695|15.0|210|Ashland Ave & Division St|41.903448|-87.669313|19.0
2354660|2014|6|27|0|19|Subscriber|Male|2014-06-30 19:15:00|2014-06-30 19:18:00|2.8|73.0|tstorms|130|Damen Ave & Division St|41.90331|-87.67695|15.0|210|Ashland Ave & Division St|41.903448|-87.669313|19.0
2354659|2014|6|27|0|19|Subscriber|Female|2014-06-30 19:15:00|2014-06-30 19:19:00|4.116666666666666|73.0|tstorms|30|Ashland Ave & Augusta Blvd|41.899643|-87.6677|15.0|350|Ashland Ave & Chicago Ave|41.895965999999994|-87.66774699999999|15.0
2354657|2014|6|27|0|19|Subscriber|Male|2014-06-30 19:15:00|2014-06-30 19:21:00|6.033333333333333|73.0|tstorms|115|Sheffield Ave & Wellington Ave|41.936253|-87.653566|23.0|296|Broadway & Belmont Ave|41.940106|-87.645451|15.0
2354650|2014|6|27|0|19|Subscriber|Male|2014-06-30 19:14:00|2014-06-30 19:21:00|6.666666666666667|73.0|tstorms|283|LaSalle St & Jackson Blvd|41.878170000000004|-87.631985|23.0|59|Wabash Ave & Roosevelt Rd|41.8671729952|-87.6259550069|19.0
2354648|2014|6|27|0|19|Subscriber|Male|2014-06-30 19:14:00|2014-06-30 19:17:00|3.25|73.0|tstorms|198|Halsted St & Madison St|41.88175|-87.6478|19.0|77|Clinton St & Madison St|41.8815824|-87.64127743|23.0
2354647|2014|6|27|0|19|Subscriber|Male|2014-06-30 19:13:00|2014-06-30 19:20:00|6.65|73.0|tstorms|340|Clark St & Wrightwood Ave|41.929546|-87.643118|15.0|340|Clark St & Wrightwood Ave|41.929546|-87.643118|15.0
2354646|2014|6|27|0|19|Subscriber|Male|2014-06-30 19:13:00|2014-06-30 19:21:00|7.333333333333333|73.0|tstorms|93|Sheffield Ave & Willow St|41.913688|-87.652855|15.0|343|Racine Ave & Wrightwood Ave|41.928886999999996|-87.658971|15.0
2354644|2014|6|27|0|19|Subscriber|Male|2014-06-30 19:13:00|2014-06-30 19:31:00|18.116666666666667|73.0|tstorms|127|Lincoln Ave & Fullerton Ave|41.925905|-87.64926|15.0|298|Lincoln Ave & Belle Plaine Ave|41.955927|-87.679259|15.0
2354643|2014|6|27|0|19|Subscriber|Male|2014-06-30 19:13:00|2014-06-30 19:22:00|9.116666666666667|73.0|tstorms|177|Theater on the Lake|41.926277|-87.630834|15.0|291|Wells St & Evergreen Ave|41.906724|-87.63483000000001|19.0
2354642|2014|6|27|0|19|Subscriber|Male|2014-06-30 19:13:00|2014-06-30 19:18:00|5.033333333333333|73.0|tstorms|50|Clark St & Congress Pkwy|41.8759326655|-87.63058453549999|27.0|174|Canal St & Madison St|41.882090999999996|-87.639833|23.0
2354641|2014|6|27|0|19|Subscriber|Female|2014-06-30 19:12:00|2014-06-30 19:59:00|46.75|73.0|tstorms|112|Green St & Randolph St|41.884078|-87.648684|15.0|20|Sheffield Ave & Kingsbury St|41.90959193|-87.65349723|15.0
2354640|2014|6|27|0|19|Subscriber|Male|2014-06-30 19:12:00|2014-06-30 19:18:00|5.766666666666667|73.0|tstorms|301|Clark St & Schiller St|41.907993|-87.631501|19.0|140|Dearborn Pkwy & Delaware Pl|41.899007|-87.629928|19.0
2354638|2014|6|27|0|19|Subscriber|Male|2014-06-30 19:12:00|2014-06-30 19:26:00|14.35|73.0|tstorms|93|Sheffield Ave & Willow St|41.913688|-87.652855|15.0|114|Sheffield Ave & Addison St|41.94688|-87.65445|27.0
2354634|2014|6|27|0|19|Subscriber|Male|2014-06-30 19:12:00|2014-06-30 19:32:00|20.866666666666667|73.0|tstorms|176|Clark St & Elm St|41.903233|-87.631253|19.0|25|Michigan Ave & Pearson St|41.897659999999995|-87.62351|23.0
2354633|2014|6|27|0|19|Subscriber|Male|2014-06-30 19:11:00|2014-06-30 19:17:00|5.566666666666666|73.0|tstorms|98|LaSalle St & Washington St|41.882664|-87.63253|15.0|52|Michigan Ave & Lake St|41.886024|-87.624117|31.0
2354632|2014|6|27|0|19|Subscriber|Female|2014-06-30 19:11:00|2014-06-30 19:15:00|3.6|73.0|tstorms|137|Morgan Ave & 14th Pl|41.862378|-87.651062|15.0|282|Halsted St & Maxwell St|41.86458|-87.64693|15.0
2354631|2014|6|27|0|19|Subscriber|Male|2014-06-30 19:11:00|2014-06-30 19:15:00|3.716666666666667|73.0|tstorms|137|Morgan Ave & 14th Pl|41.862378|-87.651062|15.0|282|Halsted St & Maxwell St|41.86458|-87.64693|15.0
2354630|2014|6|27|0|19|Subscriber|Male|2014-06-30 19:11:00|2014-06-30 19:20:00|8.433333333333334|73.0|tstorms|196|Cityfront Plaza & N Water St|41.889875|-87.621994|19.0|255|Indiana Ave & Roosevelt Rd|41.867888|-87.623041|31.0
2354629|2014|6|27|0|19|Subscriber|Female|2014-06-30 19:11:00|2014-06-30 19:20:00|9.45|73.0|tstorms|154|Southport Ave & Belmont Ave|41.93949|-87.66378|15.0|299|Halsted St & Roscoe St|41.943661999999996|-87.648917|15.0
2354627|2014|6|27|0|19|Subscriber|Male|2014-06-30 19:07:00|2014-06-30 19:17:00|9.633333333333333|73.0|tstorms|47|State St & Kinzie St|41.889179999999996|-87.6277|19.0|36|Franklin St & Jackson Blvd|41.8777079559|-87.6353211408|31.0
2354626|2014|6|27|0|19|Subscriber|Male|2014-06-30 19:06:00|2014-06-30 19:20:00|14.333333333333334|73.0|tstorms|47|State St & Kinzie St|41.889179999999996|-87.6277|19.0|30|Ashland Ave & Augusta Blvd|41.899643|-87.6677|15.0
2354625|2014|6|27|0|19|Subscriber|Male|2014-06-30 19:07:00|2014-06-30 19:59:00|51.55|73.0|tstorms|43|Michigan Ave & Washington St|41.8838927658|-87.6246491409|43.0|277|Ashland Ave & Grand Ave|41.891071999999994|-87.666611|15.0
2354624|2014|6|27|0|19|Subscriber|Female|2014-06-30 19:10:00|2014-06-30 19:16:00|6.633333333333334|73.0|tstorms|72|State St & 16th St|41.8601213774|-87.62772918530001|15.0|59|Wabash Ave & Roosevelt Rd|41.8671729952|-87.6259550069|19.0
2354623|2014|6|27|0|19|Subscriber|Male|2014-06-30 19:10:00|2014-06-30 19:14:00|4.35|73.0|tstorms|57|Clinton St & Roosevelt Rd|41.8671177825|-87.64108795930001|15.0|68|Clinton St & Tilden St|41.875885|-87.640795|23.0
2354621|2014|6|27|0|19|Subscriber|Male|2014-06-30 19:10:00|2014-06-30 19:18:00|8.533333333333333|73.0|tstorms|53|Wells St & Erie St|41.893832|-87.63419499999999|19.0|233|Sangamon St & Washington Blvd|41.883004|-87.65114799999999|15.0
2354619|2014|6|27|0|19|Subscriber|Male|2014-06-30 19:10:00|2014-06-30 19:19:00|9.2|73.0|tstorms|223|Clifton Ave & Armitage Ave|41.918215999999994|-87.656936|15.0|340|Clark St & Wrightwood Ave|41.929546|-87.643118|15.0
2354616|2014|6|27|0|19|Subscriber|Female|2014-06-30 19:09:00|2014-06-30 19:17:00|7.183333333333334|73.0|tstorms|117|Wilton Ave & Belmont Ave|41.94018|-87.65304|23.0|232|Pine Grove Ave & Waveland Ave|41.949275|-87.646303|23.0
2354614|2014|6|27|0|19|Subscriber|Male|2014-06-30 19:09:00|2014-06-30 19:13:00|4.7|73.0|tstorms|57|Clinton St & Roosevelt Rd|41.8671177825|-87.64108795930001|15.0|55|Halsted St & James M Rochford St|41.865860999999995|-87.646611|15.0
2354612|2014|6|27|0|19|Subscriber|Male|2014-06-30 19:09:00|2014-06-30 19:18:00|9.416666666666666|73.0|tstorms|48|Larrabee St & Kingsbury St|41.897764|-87.642884|27.0|47|State St & Kinzie St|41.889179999999996|-87.6277|19.0
2354611|2014|6|27|0|19|Subscriber|Male|2014-06-30 19:09:00|2014-06-30 19:12:00|3.5166666666666666|73.0|tstorms|50|Clark St & Congress Pkwy|41.8759326655|-87.63058453549999|27.0|68|Clinton St & Tilden St|41.875885|-87.640795|23.0
2354610|2014|6|27|0|19|Subscriber|Female|2014-06-30 19:09:00|2014-06-30 19:15:00|6.266666666666667|73.0|tstorms|317|Wood St & Taylor St|41.869153999999995|-87.67104499999999|15.0|205|Paulina St & 18th St|41.857901|-87.668745|15.0
2354609|2014|6|27|0|19|Subscriber|Male|2014-06-30 19:09:00|2014-06-30 19:20:00|11.116666666666667|73.0|tstorms|224|Halsted St & Willow St|41.913778|-87.64884|19.0|219|Damen Ave & Cortland St|41.916027|-87.67741099999999|11.0
2354608|2014|6|27|0|19|Subscriber|Female|2014-06-30 19:09:00|2014-06-30 19:24:00|15.85|73.0|tstorms|111|Sedgwick St & Huron St|41.894666|-87.638437|19.0|50|Clark St & Congress Pkwy|41.8759326655|-87.63058453549999|27.0
2354605|2014|6|27|0|19|Subscriber|Male|2014-06-30 19:08:00|2014-06-30 19:15:00|7.016666666666667|73.0|tstorms|211|St Clair St & Erie St|41.894448|-87.622663|19.0|31|Franklin St & Chicago Ave|41.89680204|-87.63563839|23.0
2354601|2014|6|27|0|19|Subscriber|Male|2014-06-30 19:08:00|2014-06-30 19:27:00|18.4|73.0|tstorms|175|Wells St & Polk St|41.872372999999996|-87.633523|19.0|192|Canal St & Adams St|41.878948|-87.63975|39.0
2354599|2014|6|27|0|19|Subscriber|Female|2014-06-30 19:08:00|2014-06-30 19:14:00|5.55|73.0|tstorms|300|Broadway & Barry Ave|41.937601|-87.644005|15.0|117|Wilton Ave & Belmont Ave|41.94018|-87.65304|23.0
2354597|2014|6|27|0|19|Subscriber|Female|2014-06-30 19:08:00|2014-06-30 19:19:00|11.066666666666666|73.0|tstorms|77|Clinton St & Madison St|41.8815824|-87.64127743|23.0|84|Green St & Milwaukee Ave|41.891733|-87.64872700000001|19.0
2354596|2014|6|27|0|19|Subscriber|Male|2014-06-30 19:08:00|2014-06-30 19:17:00|9.283333333333333|73.0|tstorms|175|Wells St & Polk St|41.872372999999996|-87.633523|19.0|19|Loomis St & Taylor St|41.869417|-87.660996|15.0
2354595|2014|6|27|0|19|Subscriber|Female|2014-06-30 19:08:00|2014-06-30 19:17:00|9.5|73.0|tstorms|313|Lakeview Ave & Fullerton Pkwy|41.925858000000005|-87.638973|19.0|289|Wells St & Concord Ln|41.912202|-87.634664|19.0
2354594|2014|6|27|0|19|Subscriber|Female|2014-06-30 19:08:00|2014-06-30 19:14:00|6.833333333333333|73.0|tstorms|5|State St & Harrison St|41.8739580629|-87.62773948590001|19.0|49|Dearborn St & Monroe St|41.881319815|-87.6295209193|27.0
2354593|2014|6|27|0|19|Subscriber|Female|2014-06-30 19:07:00|2014-06-30 19:17:00|9.6|73.0|tstorms|168|Michigan Ave & 14th St|41.864059000000005|-87.623727|19.0|37|Dearborn St & Adams St|41.8793563587|-87.62979103629999|19.0
2354589|2014|6|27|0|19|Subscriber|Male|2014-06-30 19:07:00|2014-06-30 19:18:00|11.0|73.0|tstorms|51|Clark St & Randolph St|41.884576228|-87.63188991|31.0|176|Clark St & Elm St|41.903233|-87.631253|19.0
2354586|2014|6|27|0|19|Subscriber|Male|2014-06-30 19:02:00|2014-06-30 19:26:00|23.9|73.0|tstorms|110|State St & Erie St|41.893975|-87.628623|23.0|16|Wood St & North Ave|41.910329|-87.672516|11.0
2354585|2014|6|27|0|19|Subscriber|Male|2014-06-30 19:07:00|2014-06-30 19:13:00|6.466666666666667|73.0|tstorms|143|Sedgwick St & Webster Ave|41.92197|-87.63854|15.0|300|Broadway & Barry Ave|41.937601|-87.644005|15.0
2354584|2014|6|27|0|19|Subscriber|Male|2014-06-30 19:07:00|2014-06-30 19:16:00|9.45|73.0|tstorms|195|Columbus Dr & Randolph St|41.884728|-87.61952099999999|31.0|195|Columbus Dr & Randolph St|41.884728|-87.61952099999999|31.0
2354583|2014|6|27|0|19|Subscriber|Male|2014-06-30 19:06:00|2014-06-30 19:21:00|14.416666666666666|73.0|tstorms|31|Franklin St & Chicago Ave|41.89680204|-87.63563839|23.0|85|Michigan Ave & Oak St|41.90096039|-87.62377664|23.0
2354582|2014|6|27|0|19|Subscriber|Male|2014-06-30 19:06:00|2014-06-30 19:11:00|4.316666666666666|73.0|tstorms|141|Clark St & Lincoln Ave|41.915689|-87.6346|23.0|94|Clark St & Armitage Ave|41.918306|-87.636282|19.0
2354580|2014|6|27|0|19|Subscriber|Male|2014-06-30 19:02:00|2014-06-30 19:10:00|7.333333333333333|73.0|tstorms|153|Southport Ave & Wellington Ave|41.935733|-87.663576|19.0|114|Sheffield Ave & Addison St|41.94688|-87.65445|27.0
2354579|2014|6|27|0|19|Subscriber|Female|2014-06-30 19:06:00|2014-06-30 19:13:00|6.2|73.0|tstorms|100|Orleans St & Merchandise Mart Plaza|41.888243|-87.63639|23.0|283|LaSalle St & Jackson Blvd|41.878170000000004|-87.631985|23.0
2354578|2014|6|27|0|19|Subscriber|Female|2014-06-30 19:06:00|2014-06-30 19:17:00|10.5|73.0|tstorms|325|Clark St & Winnemac Ave|41.973385|-87.66836500000001|15.0|306|Sheridan Rd & Buena Ave|41.9584|-87.65423|15.0
2354577|2014|6|27|0|19|Subscriber|Male|2014-06-30 19:06:00|2014-06-30 19:12:00|5.466666666666667|73.0|tstorms|74|Kingsbury St & Erie St|41.89384315|-87.64185116|23.0|91|Clinton St & Washington Blvd|41.883379999999995|-87.64116999999999|31.0
2354575|2014|6|27|0|19|Subscriber|Male|2014-06-30 19:06:00|2014-06-30 19:10:00|3.816666666666667|73.0|tstorms|143|Sedgwick St & Webster Ave|41.92197|-87.63854|15.0|141|Clark St & Lincoln Ave|41.915689|-87.6346|23.0
2354574|2014|6|27|0|19|Subscriber|Male|2014-06-30 19:04:00|2014-06-30 19:09:00|4.283333333333333|73.0|tstorms|94|Clark St & Armitage Ave|41.918306|-87.636282|19.0|225|Halsted St & Dickens Ave|41.919936|-87.64883|15.0
2354573|2014|6|27|0|19|Subscriber|Male|2014-06-30 19:01:00|2014-06-30 19:07:00|6.05|73.0|tstorms|94|Clark St & Armitage Ave|41.918306|-87.636282|19.0|288|Larrabee St & Armitage Ave|41.917970000000004|-87.64368|11.0
2354567|2014|6|27|0|19|Subscriber|Male|2014-06-30 19:05:00|2014-06-30 19:55:00|50.233333333333334|73.0|tstorms|177|Theater on the Lake|41.926277|-87.630834|15.0|67|Sheffield Ave & Fullerton Ave|41.9256018819|-87.6537080423|15.0
2354566|2014|6|27|0|19|Subscriber|Male|2014-06-30 19:05:00|2014-06-30 19:12:00|7.333333333333333|73.0|tstorms|113|Bissell St & Armitage Ave|41.918440000000004|-87.65222|15.0|94|Clark St & Armitage Ave|41.918306|-87.636282|19.0
2354565|2014|6|27|0|19|Subscriber|Male|2014-06-30 19:05:00|2014-06-30 19:08:00|3.6666666666666665|73.0|tstorms|324|Stockton Dr & Wrightwood Ave|41.93132|-87.63874200000001|15.0|313|Lakeview Ave & Fullerton Pkwy|41.925858000000005|-87.638973|19.0
2354564|2014|6|27|0|19|Subscriber|Male|2014-06-30 19:05:00|2014-06-30 19:07:00|2.5|73.0|tstorms|210|Ashland Ave & Division St|41.903448|-87.669313|19.0|130|Damen Ave & Division St|41.90331|-87.67695|15.0
2354563|2014|6|27|0|19|Subscriber|Female|2014-06-30 19:05:00|2014-06-30 19:21:00|16.1|73.0|tstorms|60|Dayton St & North Ave|41.9105780349|-87.6494219288|19.0|300|Broadway & Barry Ave|41.937601|-87.644005|15.0
2354556|2014|6|27|0|19|Subscriber|Male|2014-06-30 19:03:00|2014-06-30 19:09:00|6.066666666666666|73.0|tstorms|220|Hampden Ct & Diversey Pkwy|41.93262|-87.642385|19.0|303|Broadway & Cornelia Ave|41.945512|-87.64598000000001|15.0
2354555|2014|6|27|0|19|Subscriber|Female|2014-06-30 19:03:00|2014-06-30 19:18:00|14.933333333333334|73.0|tstorms|280|Morgan St & 31st St|41.8378|-87.65114|11.0|15|Racine Ave & 18th St|41.8581806068|-87.6564866473|15.0
2354552|2014|6|27|0|19|Subscriber|Male|2014-06-30 19:03:00|2014-06-30 19:30:00|27.2|73.0|tstorms|156|Clark St & Wellington Ave|41.9364968219|-87.64753865819999|15.0|219|Damen Ave & Cortland St|41.916027|-87.67741099999999|11.0
2354551|2014|6|27|0|19|Subscriber|Male|2014-06-30 19:03:00|2014-06-30 19:12:00|9.2|73.0|tstorms|258|Logan Blvd & Elston Ave|41.930584|-87.685126|19.0|259|California Ave & Francis Pl|41.91855|-87.69723|15.0
2354549|2014|6|27|0|19|Subscriber|Male|2014-06-30 19:03:00|2014-06-30 19:09:00|6.65|73.0|tstorms|114|Sheffield Ave & Addison St|41.94688|-87.65445|27.0|347|Ashland Ave & Grace St|41.950687|-87.6687|15.0
2354548|2014|6|27|0|19|Subscriber|Male|2014-06-30 19:03:00|2014-06-30 19:09:00|6.7|73.0|tstorms|45|Michigan Ave & Congress Pkwy|41.876065599|-87.6244333636|15.0|168|Michigan Ave & 14th St|41.864059000000005|-87.623727|19.0
2354546|2014|6|27|0|19|Subscriber|Male|2014-06-30 19:02:00|2014-06-30 19:19:00|16.166666666666668|73.0|tstorms|43|Michigan Ave & Washington St|41.8838927658|-87.6246491409|43.0|199|Wabash Ave & Grand Ave|41.891738000000004|-87.626937|15.0
2354545|2014|6|27|0|19|Subscriber|Male|2014-06-30 19:02:00|2014-06-30 19:05:00|2.1666666666666665|73.0|tstorms|68|Clinton St & Tilden St|41.875885|-87.640795|23.0|73|Jefferson St & Monroe St|41.880421999999996|-87.642746|19.0
2354544|2014|6|27|0|19|Subscriber|Male|2014-06-30 19:02:00|2014-06-30 19:09:00|6.716666666666667|73.0|tstorms|344|Wolcott Ave & Lawrence Ave|41.968641|-87.676335|15.0|234|Clark St & Montrose Ave|41.961588|-87.666036|19.0
2354543|2014|6|27|0|19|Subscriber|Male|2014-06-30 19:02:00|2014-06-30 19:08:00|5.8|73.0|tstorms|164|Franklin St & Lake St|41.885837|-87.6355|23.0|52|Michigan Ave & Lake St|41.886024|-87.624117|31.0
2354541|2014|6|27|0|19|Subscriber|Male|2014-06-30 19:02:00|2014-06-30 19:06:00|3.65|73.0|tstorms|289|Wells St & Concord Ln|41.912202|-87.634664|19.0|118|Sedgwick St & North Ave|41.910579|-87.63861800000001|19.0
2354540|2014|6|27|0|19|Subscriber|Male|2014-06-30 19:02:00|2014-06-30 19:08:00|5.766666666666667|73.0|tstorms|164|Franklin St & Lake St|41.885837|-87.6355|23.0|52|Michigan Ave & Lake St|41.886024|-87.624117|31.0
2354539|2014|6|27|0|19|Subscriber|Male|2014-06-30 19:02:00|2014-06-30 19:14:00|11.983333333333333|73.0|tstorms|115|Sheffield Ave & Wellington Ave|41.936253|-87.653566|23.0|340|Clark St & Wrightwood Ave|41.929546|-87.643118|15.0
2354537|2014|6|27|0|19|Subscriber|Male|2014-06-30 19:01:00|2014-06-30 19:08:00|6.783333333333333|73.0|tstorms|81|Daley Center Plaza|41.884163|-87.629635|39.0|337|Clark St & Chicago Ave|41.896544|-87.630931|19.0
2354536|2014|6|27|0|19|Subscriber|Male|2014-06-30 19:01:00|2014-06-30 19:04:00|2.6333333333333333|73.0|tstorms|80|Aberdeen St & Madison St|41.881487|-87.654752|19.0|198|Halsted St & Madison St|41.88175|-87.6478|19.0
2354535|2014|6|27|0|19|Subscriber|Male|2014-06-30 19:01:00|2014-06-30 19:08:00|6.233333333333333|73.0|tstorms|81|Daley Center Plaza|41.884163|-87.629635|39.0|181|LaSalle St & Illinois St|41.890749|-87.63206|31.0
2354534|2014|6|27|0|19|Subscriber|Male|2014-06-30 19:01:00|2014-06-30 19:09:00|7.75|73.0|tstorms|199|Wabash Ave & Grand Ave|41.891738000000004|-87.626937|15.0|91|Clinton St & Washington Blvd|41.883379999999995|-87.64116999999999|31.0
2354533|2014|6|27|0|19|Subscriber|Male|2014-06-30 19:01:00|2014-06-30 19:12:00|10.933333333333334|73.0|tstorms|191|Canal St & Monroe St|41.8807|-87.63946999999999|23.0|74|Kingsbury St & Erie St|41.89384315|-87.64185116|23.0
2354530|2014|6|27|0|19|Subscriber|Male|2014-06-30 19:01:00|2014-06-30 19:22:00|21.383333333333333|73.0|tstorms|50|Clark St & Congress Pkwy|41.8759326655|-87.63058453549999|27.0|237|Martin Luther King Dr & 29th St|41.842052|-87.617|15.0
2354529|2014|6|27|0|19|Subscriber|Male|2014-06-30 19:01:00|2014-06-30 19:12:00|11.633333333333333|73.0|tstorms|100|Orleans St & Merchandise Mart Plaza|41.888243|-87.63639|23.0|301|Clark St & Schiller St|41.907993|-87.631501|19.0
2354526|2014|6|27|0|19|Subscriber|Male|2014-06-30 19:00:00|2014-06-30 19:12:00|11.683333333333334|73.0|tstorms|301|Clark St & Schiller St|41.907993|-87.631501|19.0|324|Stockton Dr & Wrightwood Ave|41.93132|-87.63874200000001|15.0
2354524|2014|6|27|0|19|Subscriber|Male|2014-06-30 19:00:00|2014-06-30 19:04:00|4.266666666666667|73.0|tstorms|289|Wells St & Concord Ln|41.912202|-87.634664|19.0|94|Clark St & Armitage Ave|41.918306|-87.636282|19.0
2354522|2014|6|27|0|19|Subscriber|Male|2014-06-30 19:00:00|2014-06-30 19:02:00|2.6|73.0|tstorms|295|Broadway & Argyle St|41.972972|-87.659637|15.0|325|Clark St & Winnemac Ave|41.973385|-87.66836500000001|15.0
2354521|2014|6|27|0|19|Subscriber|Female|2014-06-30 19:00:00|2014-06-30 19:10:00|10.616666666666667|73.0|tstorms|74|Kingsbury St & Erie St|41.89384315|-87.64185116|23.0|289|Wells St & Concord Ln|41.912202|-87.634664|19.0
2354571|2014|6|27|0|18|Subscriber|Female|2014-06-30 18:53:00|2014-06-30 19:13:00|20.05|82.0|tstorms|29|Noble St & Milwaukee Ave|41.90068|-87.6626|15.0|290|Kedzie Ave & Palmer Ct|41.921525|-87.70732199999999|15.0
2354519|2014|6|27|0|18|Subscriber|Male|2014-06-30 18:59:00|2014-06-30 19:05:00|5.316666666666666|82.0|tstorms|115|Sheffield Ave & Wellington Ave|41.936253|-87.653566|23.0|300|Broadway & Barry Ave|41.937601|-87.644005|15.0
2354518|2014|6|27|0|18|Subscriber|Male|2014-06-30 18:59:00|2014-06-30 19:10:00|10.516666666666667|82.0|tstorms|24|Fairbanks Ct & Grand Ave|41.89186|-87.62062|15.0|191|Canal St & Monroe St|41.8807|-87.63946999999999|23.0
2354516|2014|6|27|0|18|Subscriber|Male|2014-06-30 18:59:00|2014-06-30 19:03:00|4.416666666666667|82.0|tstorms|321|Wabash Ave & 8th St|41.871961999999996|-87.62610600000001|19.0|33|State St & Van Buren St|41.877181|-87.627844|27.0
2354513|2014|6|27|0|18|Subscriber|Male|2014-06-30 18:59:00|2014-06-30 19:14:00|14.8|82.0|tstorms|211|St Clair St & Erie St|41.894448|-87.622663|19.0|91|Clinton St & Washington Blvd|41.883379999999995|-87.64116999999999|31.0
2354512|2014|6|27|0|18|Subscriber|Male|2014-06-30 18:57:00|2014-06-30 19:11:00|14.8|82.0|tstorms|315|Leavitt St & Hirsch St|41.906717|-87.68277900000001|11.0|290|Kedzie Ave & Palmer Ct|41.921525|-87.70732199999999|15.0
2354504|2014|6|27|0|18|Subscriber|Male|2014-06-30 18:58:00|2014-06-30 19:03:00|4.5|82.0|tstorms|55|Halsted St & James M Rochford St|41.865860999999995|-87.646611|15.0|57|Clinton St & Roosevelt Rd|41.8671177825|-87.64108795930001|15.0
2354501|2014|6|27|0|18|Subscriber|Male|2014-06-30 18:57:00|2014-06-30 19:05:00|7.783333333333333|82.0|tstorms|276|California Ave & North Ave|41.91044|-87.6972|11.0|158|Milwaukee Ave & Wabansia Ave|41.912616|-87.681391|15.0
2354500|2014|6|27|0|18|Subscriber|Female|2014-06-30 18:57:00|2014-06-30 19:03:00|5.583333333333333|82.0|tstorms|21|Aberdeen St & Jackson Blvd|41.87772613|-87.65478743|15.0|198|Halsted St & Madison St|41.88175|-87.6478|19.0
2354499|2014|6|27|0|18|Subscriber|Female|2014-06-30 18:57:00|2014-06-30 19:02:00|5.4|82.0|tstorms|248|Woodlawn Ave & 55th St|41.795264|-87.596471|15.0|121|Blackstone Ave & Hyde Park Blvd|41.802562|-87.59036800000001|15.0
2354497|2014|6|27|0|18|Subscriber|Male|2014-06-30 18:57:00|2014-06-30 19:19:00|22.25|82.0|tstorms|337|Clark St & Chicago Ave|41.896544|-87.630931|19.0|216|California Ave & Division St|41.903029|-87.697474|15.0
2354496|2014|6|27|0|18|Subscriber|Male|2014-06-30 18:57:00|2014-06-30 19:03:00|5.65|82.0|tstorms|86|Eckhart Park|41.89637337|-87.66098386|15.0|48|Larrabee St & Kingsbury St|41.897764|-87.642884|27.0
2354494|2014|6|27|0|18|Subscriber|Female|2014-06-30 18:57:00|2014-06-30 19:13:00|16.016666666666666|82.0|tstorms|77|Clinton St & Madison St|41.8815824|-87.64127743|23.0|128|Damen Ave & Chicago Ave|41.895769|-87.67721999999999|15.0
2354493|2014|6|27|0|18|Subscriber|Male|2014-06-30 18:57:00|2014-06-30 19:08:00|11.483333333333333|82.0|tstorms|301|Clark St & Schiller St|41.907993|-87.631501|19.0|54|Ogden Ave & Chicago Ave|41.896362458|-87.65406127290001|19.0
2354490|2014|6|27|0|18|Subscriber|Male|2014-06-30 18:55:00|2014-06-30 19:03:00|7.683333333333334|82.0|tstorms|174|Canal St & Madison St|41.882090999999996|-87.639833|23.0|175|Wells St & Polk St|41.872372999999996|-87.633523|19.0
2354488|2014|6|27|0|18|Subscriber|Male|2014-06-30 18:56:00|2014-06-30 19:04:00|7.433333333333334|82.0|tstorms|302|Sheffield Ave & Wrightwood Ave|41.928712|-87.65383299999999|19.0|220|Hampden Ct & Diversey Pkwy|41.93262|-87.642385|19.0
2354487|2014|6|27|0|18|Subscriber|Male|2014-06-30 18:56:00|2014-06-30 19:05:00|8.833333333333334|82.0|tstorms|118|Sedgwick St & North Ave|41.910579|-87.63861800000001|19.0|34|Cannon Dr & Fullerton Ave|41.9267559875|-87.6344287848|15.0
2354486|2014|6|27|0|18|Subscriber|Male|2014-06-30 18:56:00|2014-06-30 19:08:00|11.933333333333334|82.0|tstorms|268|Lake Shore Dr & North Blvd|41.911722|-87.626804|15.0|224|Halsted St & Willow St|41.913778|-87.64884|19.0
2354485|2014|6|27|0|18|Subscriber|Male|2014-06-30 18:56:00|2014-06-30 19:07:00|11.816666666666666|82.0|tstorms|98|LaSalle St & Washington St|41.882664|-87.63253|15.0|176|Clark St & Elm St|41.903233|-87.631253|19.0
2354484|2014|6|27|0|18|Subscriber|Male|2014-06-30 18:56:00|2014-06-30 19:05:00|8.833333333333334|82.0|tstorms|152|Lincoln Ave & Diversey Pkwy|41.932225|-87.658617|15.0|256|Broadway & Sheridan Rd|41.952833|-87.64999300000001|15.0
2354483|2014|6|27|0|18|Subscriber|Male|2014-06-30 18:55:00|2014-06-30 18:59:00|3.8|82.0|tstorms|28|Larrabee St & Menomonee St|41.91468|-87.64331999999999|15.0|225|Halsted St & Dickens Ave|41.919936|-87.64883|15.0
2354482|2014|6|27|0|18|Subscriber|Female|2014-06-30 18:55:00|2014-06-30 19:01:00|5.233333333333333|82.0|tstorms|118|Sedgwick St & North Ave|41.910579|-87.63861800000001|19.0|94|Clark St & Armitage Ave|41.918306|-87.636282|19.0
2354481|2014|6|27|0|18|Subscriber|Female|2014-06-30 18:55:00|2014-06-30 19:19:00|23.9|82.0|tstorms|232|Pine Grove Ave & Waveland Ave|41.949275|-87.646303|23.0|156|Clark St & Wellington Ave|41.9364968219|-87.64753865819999|15.0
2354480|2014|6|27|0|18|Subscriber|Male|2014-06-30 18:55:00|2014-06-30 19:04:00|9.033333333333333|82.0|tstorms|74|Kingsbury St & Erie St|41.89384315|-87.64185116|23.0|331|Halsted St & Blackhawk St|41.90854|-87.64856800000001|19.0
2354479|2014|6|27|0|18|Subscriber|Male|2014-06-30 18:55:00|2014-06-30 19:00:00|4.45|82.0|tstorms|100|Orleans St & Merchandise Mart Plaza|41.888243|-87.63639|23.0|66|Clinton St & Lake St|41.8858327415|-87.6413823149|19.0
2354476|2014|6|27|0|18|Subscriber|Female|2014-06-30 18:55:00|2014-06-30 19:17:00|21.483333333333334|82.0|tstorms|177|Theater on the Lake|41.926277|-87.630834|15.0|314|Ravenswood Ave & Berteau Ave|41.957921|-87.673567|15.0
2354475|2014|6|27|0|18|Subscriber|Male|2014-06-30 18:55:00|2014-06-30 18:57:00|2.0|82.0|tstorms|60|Dayton St & North Ave|41.9105780349|-87.6494219288|19.0|93|Sheffield Ave & Willow St|41.913688|-87.652855|15.0
2354474|2014|6|27|0|18|Subscriber|Female|2014-06-30 18:54:00|2014-06-30 19:04:00|9.733333333333333|82.0|tstorms|14|Morgan St & 18th St|41.858086|-87.651073|15.0|109|900 W Harrison|41.874675|-87.650019|19.0
2354473|2014|6|27|0|18|Subscriber|Male|2014-06-30 18:52:00|2014-06-30 18:59:00|7.166666666666667|82.0|tstorms|49|Dearborn St & Monroe St|41.881319815|-87.6295209193|27.0|112|Green St & Randolph St|41.884078|-87.648684|15.0
2354472|2014|6|27|0|18|Subscriber|Female|2014-06-30 18:54:00|2014-06-30 19:01:00|6.816666666666666|82.0|tstorms|73|Jefferson St & Monroe St|41.880421999999996|-87.642746|19.0|81|Daley Center Plaza|41.884163|-87.629635|39.0
2354471|2014|6|27|0|18|Subscriber|Female|2014-06-30 18:55:00|2014-06-30 19:01:00|6.083333333333333|82.0|tstorms|158|Milwaukee Ave & Wabansia Ave|41.912616|-87.681391|15.0|213|Leavitt St & North Ave|41.910153|-87.68229000000001|15.0
2354467|2014|6|27|0|18|Subscriber|Male|2014-06-30 18:54:00|2014-06-30 18:59:00|4.883333333333334|82.0|tstorms|138|Clybourn Ave & Division St|41.904509000000004|-87.6405|15.0|289|Wells St & Concord Ln|41.912202|-87.634664|19.0
2354465|2014|6|27|0|18|Subscriber|Male|2014-06-30 18:54:00|2014-06-30 19:04:00|9.6|82.0|tstorms|85|Michigan Ave & Oak St|41.90096039|-87.62377664|23.0|51|Clark St & Randolph St|41.884576228|-87.63188991|31.0
2354463|2014|6|27|0|18|Subscriber|Male|2014-06-30 18:54:00|2014-06-30 19:02:00|8.216666666666667|82.0|tstorms|77|Clinton St & Madison St|41.8815824|-87.64127743|23.0|84|Green St & Milwaukee Ave|41.891733|-87.64872700000001|19.0
2354462|2014|6|27|0|18|Subscriber|Male|2014-06-30 18:54:00|2014-06-30 18:59:00|5.366666666666666|82.0|tstorms|49|Dearborn St & Monroe St|41.881319815|-87.6295209193|27.0|77|Clinton St & Madison St|41.8815824|-87.64127743|23.0
2354461|2014|6|27|0|18|Subscriber|Male|2014-06-30 18:54:00|2014-06-30 19:02:00|8.583333333333334|82.0|tstorms|301|Clark St & Schiller St|41.907993|-87.631501|19.0|212|Wells St & Hubbard St|41.889933|-87.63426199999999|31.0
2354460|2014|6|27|0|18|Subscriber|Male|2014-06-30 18:54:00|2014-06-30 18:59:00|5.416666666666667|82.0|tstorms|51|Clark St & Randolph St|41.884576228|-87.63188991|31.0|52|Michigan Ave & Lake St|41.886024|-87.624117|31.0
2354457|2014|6|27|0|18|Subscriber|Male|2014-06-30 18:53:00|2014-06-30 19:00:00|6.883333333333334|82.0|tstorms|77|Clinton St & Madison St|41.8815824|-87.64127743|23.0|175|Wells St & Polk St|41.872372999999996|-87.633523|19.0
2354456|2014|6|27|0|18|Subscriber|Male|2014-06-30 18:53:00|2014-06-30 19:22:00|28.816666666666666|82.0|tstorms|81|Daley Center Plaza|41.884163|-87.629635|39.0|296|Broadway & Belmont Ave|41.940106|-87.645451|15.0
2354455|2014|6|27|0|18|Subscriber|Male|2014-06-30 18:53:00|2014-06-30 18:59:00|5.616666666666666|82.0|tstorms|345|Lake Park Ave & 56th St|41.793242|-87.58778199999999|15.0|247|Shore Drive & 55th St|41.795212|-87.580715|15.0
2354454|2014|6|27|0|18|Subscriber|Female|2014-06-30 18:53:00|2014-06-30 19:09:00|16.133333333333333|82.0|tstorms|17|Wood St & Division St|41.90332|-87.67273|15.0|305|Western Ave & Division St|41.902893|-87.687275|15.0
2354452|2014|6|27|0|18|Subscriber|Male|2014-06-30 18:53:00|2014-06-30 18:57:00|4.0|82.0|tstorms|73|Jefferson St & Monroe St|41.880421999999996|-87.642746|19.0|66|Clinton St & Lake St|41.8858327415|-87.6413823149|19.0
2354451|2014|6|27|0|18|Subscriber|Male|2014-06-30 18:53:00|2014-06-30 19:00:00|7.133333333333334|82.0|tstorms|198|Halsted St & Madison St|41.88175|-87.6478|19.0|98|LaSalle St & Washington St|41.882664|-87.63253|15.0
2354450|2014|6|27|0|18|Subscriber|Male|2014-06-30 18:53:00|2014-06-30 19:18:00|24.8|82.0|tstorms|177|Theater on the Lake|41.926277|-87.630834|15.0|199|Wabash Ave & Grand Ave|41.891738000000004|-87.626937|15.0
2354447|2014|6|27|0|18|Subscriber|Male|2014-06-30 18:52:00|2014-06-30 18:57:00|5.216666666666667|82.0|tstorms|282|Halsted St & Maxwell St|41.86458|-87.64693|15.0|274|Racine Ave & 15th St|41.861267|-87.656625|15.0
2354446|2014|6|27|0|18|Subscriber|Male|2014-06-30 18:52:00|2014-06-30 18:56:00|4.183333333333334|82.0|tstorms|152|Lincoln Ave & Diversey Pkwy|41.932225|-87.658617|15.0|190|Southport Ave & Wrightwood Ave|41.92888|-87.66317|15.0
2354444|2014|6|27|0|18|Subscriber|Male|2014-06-30 18:52:00|2014-06-30 18:56:00|4.266666666666667|82.0|tstorms|91|Clinton St & Washington Blvd|41.883379999999995|-87.64116999999999|31.0|56|Desplaines St & Kinzie St|41.888716036|-87.6444478533|19.0
2354441|2014|6|27|0|18|Subscriber|Male|2014-06-30 18:52:00|2014-06-30 18:59:00|7.333333333333333|82.0|tstorms|55|Halsted St & James M Rochford St|41.865860999999995|-87.646611|15.0|75|Canal St & Jackson Blvd|41.877988|-87.64076899999999|23.0
2354440|2014|6|27|0|18|Subscriber|Male|2014-06-30 18:52:00|2014-06-30 18:56:00|4.166666666666667|82.0|tstorms|75|Canal St & Jackson Blvd|41.877988|-87.64076899999999|23.0|198|Halsted St & Madison St|41.88175|-87.6478|19.0
2354439|2014|6|27|0|18|Subscriber|Male|2014-06-30 18:52:00|2014-06-30 19:04:00|12.1|82.0|tstorms|91|Clinton St & Washington Blvd|41.883379999999995|-87.64116999999999|31.0|106|State St & Pearson St|41.897448|-87.628722|27.0
2354437|2014|6|27|0|18|Subscriber|Male|2014-06-30 18:52:00|2014-06-30 19:05:00|12.716666666666667|82.0|tstorms|143|Sedgwick St & Webster Ave|41.92197|-87.63854|15.0|303|Broadway & Cornelia Ave|41.945512|-87.64598000000001|15.0
2354435|2014|6|27|0|18|Subscriber|Female|2014-06-30 18:52:00|2014-06-30 19:01:00|9.283333333333333|82.0|tstorms|58|Marshfield Ave & Cortland St|41.916017|-87.668879|19.0|310|Damen Ave & Charleston St|41.920082|-87.67785500000001|11.0
2354432|2014|6|27|0|18|Subscriber|Female|2014-06-30 18:51:00|2014-06-30 19:11:00|19.266666666666666|82.0|tstorms|174|Canal St & Madison St|41.882090999999996|-87.639833|23.0|92|Carpenter St & Huron St|41.894556|-87.653449|19.0
2354431|2014|6|27|0|18|Subscriber|Male|2014-06-30 18:51:00|2014-06-30 19:04:00|12.883333333333333|82.0|tstorms|98|LaSalle St & Washington St|41.882664|-87.63253|15.0|59|Wabash Ave & Roosevelt Rd|41.8671729952|-87.6259550069|19.0
2354430|2014|6|27|0|18|Subscriber|Male|2014-06-30 18:51:00|2014-06-30 19:02:00|10.266666666666667|82.0|tstorms|91|Clinton St & Washington Blvd|41.883379999999995|-87.64116999999999|31.0|337|Clark St & Chicago Ave|41.896544|-87.630931|19.0
