B00001|2019-01-01 00:30:00|2019-01-01 02:51:55|||
B00001|2019-01-01 00:45:00|2019-01-01 00:54:49|||
B00001|2019-01-01 00:15:00|2019-01-01 00:54:52|||
B00008|2019-01-01 00:19:00|2019-01-01 00:39:00|||
B00008|2019-01-01 00:27:00|2019-01-01 00:37:00|||
B00008|2019-01-01 00:48:00|2019-01-01 01:02:00|||
B00008|2019-01-01 00:50:00|2019-01-01 00:59:00|||
B00008|2019-01-01 00:51:00|2019-01-01 00:56:00|||
B00009|2019-01-01 00:44:00|2019-01-01 00:58:00|||
B00009|2019-01-01 00:19:00|2019-01-01 00:36:00|||
B00009|2019-01-01 00:36:00|2019-01-01 00:49:00|||
B00009|2019-01-01 00:26:00|2019-01-01 00:32:00|||
B00009|2019-01-01 00:26:00|2019-01-01 00:36:00|||
B00009|2019-01-01 00:58:00|2019-01-01 01:05:00|||
B00013|2019-01-01 00:02:29|2019-01-02 00:25:30|||
B00013|2019-01-01 00:01:33|2019-01-02 00:18:16|||
B00037|2019-01-01 00:02:43|2019-01-01 00:10:14||265|
B00037|2019-01-01 00:26:02|2019-01-01 00:37:00||265|
B00037|2019-01-01 00:11:16|2019-01-01 00:25:41||265|
B00037|2019-01-01 00:33:45|2019-01-01 00:45:28||265|
B00037|2019-01-01 00:53:01|2019-01-01 01:08:22||265|
B00037|2019-01-01 00:00:49|2019-01-01 00:05:53||265|
B00037|2019-01-01 00:13:53|2019-01-01 00:19:37||265|
B00037|2019-01-01 00:31:24|2019-01-01 00:36:28||265|
B00037|2019-01-01 00:50:36|2019-01-01 01:02:21||265|
B00039|2019-01-01 00:28:00|2019-01-01 03:28:51|||
B00053|2019-01-01 00:16:07|2019-01-02 00:44:49|||
B00056|2019-01-01 00:04:00|2019-01-01 00:18:00|||
B00056|2019-01-01 00:44:00|2019-01-01 00:59:00|||
B00056|2019-01-01 00:24:00|2019-01-01 00:39:00|||
B00111|2019-01-01 00:17:38|2019-01-01 00:47:39||265|
B00111|2019-01-01 00:15:37|2019-01-01 00:39:40||265|
B00111|2019-01-01 00:59:47|2019-01-01 01:00:04||265|
B00111|2019-01-01 00:34:40|2019-01-01 01:37:06||265|
B00111|2019-01-01 00:26:41|2019-01-01 00:42:43||265|
B00111|2019-01-01 00:40:40|2019-01-01 00:56:39||265|
B00112|2019-01-01 00:01:53|2019-01-01 00:16:41||265|
B00112|2019-01-01 00:34:34|2019-01-01 00:41:10||265|
B00112|2019-01-01 00:53:40|2019-01-01 00:58:42||265|
B00112|2019-01-01 00:28:25|2019-01-01 00:28:31||265|
B00112|2019-01-01 00:53:28|2019-01-01 00:53:34||265|
B00112|2019-01-01 00:05:24|2019-01-01 00:05:30||265|
B00112|2019-01-01 00:46:42|2019-01-01 00:58:59||265|
B00112|2019-01-01 00:45:56|2019-01-01 00:46:01||265|
B00112|2019-01-01 00:04:26|2019-01-01 00:14:56||265|
B00112|2019-01-01 00:50:19|2019-01-01 00:54:16||265|
B00131|2019-01-01 00:39:24|2019-01-01 00:45:02||265|
B00131|2019-01-01 00:48:18|2019-01-01 00:59:39||265|
B00149|2019-01-01 00:26:38|2019-01-01 00:43:15||265|
B00149|2019-01-01 00:56:20|2019-01-01 01:01:14||265|
B00160|2019-01-01 00:27:00|2019-01-01 00:37:00|||
B00160|2019-01-01 00:54:00|2019-01-01 01:07:00|||
B00160|2019-01-01 00:22:00|2019-01-01 00:33:00|||
B00221|2019-01-01 00:32:28|2019-01-01 00:32:31||265|
B00221|2019-01-01 00:57:01|2019-01-01 00:57:02||265|
B00221|2019-01-01 00:25:53|2019-01-01 00:25:55||265|
B00221|2019-01-01 00:12:49|2019-01-01 00:12:59||265|
B00221|2019-01-01 00:33:16|2019-01-01 00:35:24||265|
B00221|2019-01-01 00:22:10|2019-01-01 00:31:19||265|
B00221|2019-01-01 00:19:16|2019-01-01 00:26:38||265|
B00221|2019-01-01 00:30:23|2019-01-01 00:52:40||265|
B00221|2019-01-01 00:08:29|2019-01-01 00:08:31||265|
B00221|2019-01-01 00:42:38|2019-01-01 00:42:42||265|
B00221|2019-01-01 00:01:28|2019-01-01 00:15:53||265|
B00225|2019-01-01 00:21:31|2019-01-01 00:34:37||265|
B00225|2019-01-01 00:24:28|2019-01-01 00:54:49||265|
B00225|2019-01-01 00:25:27|2019-01-01 00:46:20||265|
B00227|2019-01-01 00:21:00|2019-01-01 01:55:55|||
B00227|2019-01-01 00:45:00|2019-01-01 01:35:51|||
B00248|2019-01-01 00:29:00|2019-01-01 00:40:14||265|
B00248|2019-01-01 00:43:54|2019-01-01 00:56:06||265|
B00248|2019-01-01 00:13:08|2019-01-01 00:22:55||265|
B00248|2019-01-01 00:30:31|2019-01-01 00:40:12||265|
B00248|2019-01-01 00:46:12|2019-01-01 00:57:37||265|
B00248|2019-01-01 00:02:34|2019-01-01 00:11:29||265|
B00248|2019-01-01 00:13:45|2019-01-01 00:34:42||265|
B00248|2019-01-01 00:16:00|2019-01-01 00:40:05||265|
B00248|2019-01-01 00:52:07|2019-01-01 01:03:43||265|
B00248|2019-01-01 00:57:02|2019-01-01 01:03:34||265|
B00248|2019-01-01 00:55:53|2019-01-01 01:02:13||265|
B00248|2019-01-01 00:02:45|2019-01-01 00:11:41||265|
B00248|2019-01-01 00:38:02|2019-01-01 01:03:17||265|
B00248|2019-01-01 00:04:35|2019-01-01 00:13:40||265|
B00248|2019-01-01 00:18:46|2019-01-01 00:29:48||265|
B00248|2019-01-01 00:14:13|2019-01-01 00:32:21||265|
B00248|2019-01-01 00:07:38|2019-01-01 00:19:05||265|
B00248|2019-01-01 00:41:20|2019-01-01 00:47:40||265|
B00248|2019-01-01 00:53:50|2019-01-01 01:00:12||265|
B00248|2019-01-01 00:10:31|2019-01-01 00:22:58||265|
B00248|2019-01-01 00:55:11|2019-01-01 01:01:52||265|
B00248|2019-01-01 00:36:47|2019-01-01 00:44:59||265|
B00248|2019-01-01 00:09:51|2019-01-01 00:20:00||265|
B00248|2019-01-01 00:36:35|2019-01-01 00:42:56||265|
B00248|2019-01-01 00:51:07|2019-01-01 01:01:24||265|
B00248|2019-01-01 00:26:56|2019-01-01 00:43:43||265|
B00248|2019-01-01 00:11:09|2019-01-01 00:20:59||265|
B00248|2019-01-01 00:52:34|2019-01-01 01:01:06||265|
B00248|2019-01-01 00:17:44|2019-01-01 00:24:03||265|
B00248|2019-01-01 00:00:10|2019-01-01 00:33:26||265|
B00248|2019-01-01 00:06:00|2019-01-01 00:36:23||265|
B00248|2019-01-01 00:57:00|2019-01-01 01:33:54||265|
B00254|2019-01-01 00:33:03|2019-01-01 01:37:24|140|52|
B00254|2019-01-01 00:03:00|2019-01-01 00:34:25|141|237|
B00254|2019-01-01 00:45:48|2019-01-01 01:26:01|237|236|
B00254|2019-01-01 00:37:39|2019-01-01 01:44:59|162|85|
B00254|2019-01-01 00:35:06|2019-01-01 01:30:21|237|246|
B00254|2019-01-01 00:55:23|2019-01-01 01:48:27|145|224|
B00254|2019-01-01 00:49:23|2019-01-01 01:38:38|261|14|
B00254|2019-01-01 00:11:10|2019-01-01 00:44:31|162|233|
B00254|2019-01-01 00:00:06|2019-01-01 00:32:21|13|87|
B00254|2019-01-01 00:36:32|2019-01-01 01:35:54|249|236|
B00254|2019-01-01 00:15:15|2019-01-01 00:54:49|236|229|
B00256|2019-01-01 00:52:40|2019-01-01 01:31:32|||
B00256|2019-01-01 00:53:33|2019-01-01 01:17:27|||
B00256|2019-01-01 00:10:28|2019-01-01 00:24:49|||
B00256|2019-01-01 00:17:11|2019-01-01 00:46:30|||
B00256|2019-01-01 00:31:08|2019-01-01 01:06:28|||
B00256|2019-01-01 00:39:26|2019-01-01 01:21:16|||
B00256|2019-01-01 00:21:35|2019-01-01 00:42:28|||
B00256|2019-01-01 00:31:31|2019-01-01 01:15:57|||
B00256|2019-01-01 00:08:22|2019-01-01 00:32:19|||
B00256|2019-01-01 00:19:10|2019-01-01 00:37:04|||
B00256|2019-01-01 00:55:38|2019-01-01 01:25:50|||
B00256|2019-01-01 00:24:35|2019-01-01 00:49:44|||
B00256|2019-01-01 00:05:23|2019-01-01 00:32:29|||
B00256|2019-01-01 00:53:18|2019-01-01 01:50:14|||
B00256|2019-01-01 00:08:50|2019-01-01 00:44:16|||
B00256|2019-01-01 00:11:46|2019-01-01 00:42:56|||
B00256|2019-01-01 00:45:21|2019-01-01 01:25:31|||
B00256|2019-01-01 00:58:03|2019-01-01 02:15:50|||
B00256|2019-01-01 00:11:24|2019-01-01 00:21:12|||
B00256|2019-01-01 00:50:48|2019-01-01 01:04:07|||
B00256|2019-01-01 00:08:13|2019-01-01 00:11:55|||
B00256|2019-01-01 00:30:06|2019-01-01 00:48:43|||
B00256|2019-01-01 00:20:21|2019-01-01 00:45:48|||
B00256|2019-01-01 00:24:23|2019-01-01 00:50:27|||
B00256|2019-01-01 00:30:59|2019-01-01 00:58:04|||
B00256|2019-01-01 00:33:01|2019-01-01 00:34:37|||
B00256|2019-01-01 00:21:25|2019-01-01 00:45:36|||
B00256|2019-01-01 00:31:25|2019-01-01 01:10:18|||
B00256|2019-01-01 00:34:12|2019-01-01 01:14:48|||
B00256|2019-01-01 00:16:31|2019-01-01 00:34:40|||
B00256|2019-01-01 00:41:12|2019-01-01 01:15:03|||
B00256|2019-01-01 00:13:22|2019-01-01 00:19:42|||
B00256|2019-01-01 00:27:56|2019-01-01 00:51:34|||
B00256|2019-01-01 00:26:16|2019-01-01 00:32:43|||
B00256|2019-01-01 00:44:35|2019-01-01 00:58:51|||
B00256|2019-01-01 00:19:09|2019-01-01 00:24:37|||
B00256|2019-01-01 00:50:11|2019-01-01 01:07:26|||
B00256|2019-01-01 00:13:41|2019-01-01 00:14:49|||
B00256|2019-01-01 00:26:31|2019-01-01 00:31:20|||
B00272|2019-01-01 00:15:00|2019-01-01 00:45:33|||
B00280|2019-01-01 00:47:08|2019-01-02 01:25:49|||
B00280|2019-01-01 00:43:53|2019-01-01 01:22:55|||
B00280|2019-01-01 00:19:43|2019-01-02 01:02:21|||
B00280|2019-01-01 00:31:37|2019-01-01 00:32:07|||
B00280|2019-01-01 00:45:27|2019-01-01 01:40:57|||
B00280|2019-01-01 00:43:35|2019-01-01 01:45:31|||
B00280|2019-01-01 00:28:49|2019-01-01 00:36:34|||
B00310|2019-01-01 00:48:40|2019-01-01 01:05:01||265|
B00310|2019-01-01 00:11:17|2019-01-01 00:19:25||265|
B00310|2019-01-01 00:26:10|2019-01-01 00:34:57||265|
B00310|2019-01-01 00:40:08|2019-01-01 00:50:06||265|
B00310|2019-01-01 00:58:44|2019-01-01 01:21:13||265|
B00310|2019-01-01 00:46:10|2019-01-01 00:53:18||265|
B00310|2019-01-01 00:59:36|2019-01-01 01:25:12||265|
B00310|2019-01-01 00:11:04|2019-01-01 00:21:54||265|
B00310|2019-01-01 00:54:38|2019-01-01 01:08:48||265|
B00310|2019-01-01 00:12:33|2019-01-01 00:17:04||265|
B00310|2019-01-01 00:22:28|2019-01-01 00:29:36||265|
B00310|2019-01-01 00:36:21|2019-01-01 00:47:12||265|
B00310|2019-01-01 00:00:44|2019-01-01 00:17:07||265|
B00318|2019-01-01 00:21:30|2019-01-01 00:29:41||265|
B00318|2019-01-01 00:33:41|2019-01-01 00:43:30||265|
B00318|2019-01-01 00:50:39|2019-01-01 01:00:10||265|
B00318|2019-01-01 00:28:48|2019-01-01 00:33:48||265|
B00346|2019-01-01 00:45:00|2019-01-01 00:55:00|||
B00346|2019-01-01 00:25:00|2019-01-01 00:30:00|||
B00350|2019-01-01 00:35:03|2019-01-01 00:38:25||265|
B00350|2019-01-01 00:41:29|2019-01-01 00:50:55||265|
B00350|2019-01-01 00:49:34|2019-01-01 00:56:27||265|
B00350|2019-01-01 00:31:20|2019-01-01 00:34:56||265|
B00350|2019-01-01 00:54:13|2019-01-01 01:00:32||265|
B00350|2019-01-01 00:27:38|2019-01-01 00:42:40||265|
B00350|2019-01-01 00:49:45|2019-01-01 01:00:27||265|
B00445|2019-01-01 00:32:02|2019-01-01 00:56:51|145|16|
B00445|2019-01-01 00:25:50|2019-01-01 00:33:58|171|15|
B00445|2019-01-01 00:45:47|2019-01-01 01:03:04|252|82|
B00445|2019-01-01 00:36:25|2019-01-01 01:00:17|265|92|
B00445|2019-01-01 00:53:37|2019-01-01 01:37:09|229|15|
B00445|2019-01-01 00:36:15|2019-01-01 00:48:39|171|16|
B00445|2019-01-01 00:28:34|2019-01-01 00:39:40|16|252|
B00445|2019-01-01 00:12:32|2019-01-01 00:12:36|252|70|
B00445|2019-01-01 00:45:07|2019-01-01 01:03:57|265|252|
B00445|2019-01-01 00:20:36|2019-01-01 00:29:34|252|16|
B00445|2019-01-01 00:36:16|2019-01-01 00:59:25|16|223|
B00446|2019-01-01 00:23:23|2019-01-01 00:38:58|143||
B00446|2019-01-01 00:23:39|2019-01-01 01:02:48|142||
B00446|2019-01-01 00:54:13|2019-01-01 01:11:05|237||
B00448|2019-01-01 00:02:06|2019-01-01 00:44:54|||
B00448|2019-01-01 00:01:58|2019-01-01 00:34:56|||
B00448|2019-01-01 00:03:49|2019-01-01 00:04:03|||
B00448|2019-01-01 00:42:08|2019-01-01 01:00:50|||
B00448|2019-01-01 00:30:35|2019-01-01 00:39:31|||
B00448|2019-01-01 00:34:51|2019-01-01 00:43:34|||
B00448|2019-01-01 00:11:51|2019-01-01 00:20:24|||
B00448|2019-01-01 00:00:44|2019-01-01 00:26:34|||
B00457|2019-01-01 00:05:41|2019-01-01 00:07:01||265|
B00457|2019-01-01 00:21:34|2019-01-01 00:23:40||265|
B00457|2019-01-01 00:14:08|2019-01-01 00:25:03||265|
B00457|2019-01-01 00:33:33|2019-01-01 00:42:29||265|
B00459|2019-01-01 00:18:19|2019-01-01 00:25:00||265|
B00459|2019-01-01 00:31:47|2019-01-01 00:36:49||265|
B00459|2019-01-01 00:43:14|2019-01-01 00:56:57||265|
B00459|2019-01-01 00:35:10|2019-01-01 00:40:11||265|
B00472|2019-01-01 00:44:25|2019-01-01 01:05:14|||
B00472|2019-01-01 00:58:23|2019-01-01 01:56:09|||
B00477|2019-01-01 00:15:35|2019-01-01 00:15:55||237|
B00477|2019-01-01 00:01:19|2019-01-01 00:06:37||162|
B00477|2019-01-01 00:49:17|2019-01-01 01:33:56|||
B00477|2019-01-01 00:40:25|2019-01-01 00:40:41||75|
B00477|2019-01-01 00:26:09|2019-01-01 00:28:53||238|
B00536|2019-01-01 00:46:00|2019-01-01 00:49:00||265|
B00552|2019-01-01 00:30:00|2019-01-01 02:28:00|||
B00608|2019-01-01 00:50:06|2019-01-01 01:33:10|||
B00619|2019-01-01 00:51:05|2019-01-01 01:17:18||265|
B00619|2019-01-01 00:16:43|2019-01-01 00:29:24||265|
B00619|2019-01-01 00:30:59|2019-01-01 00:46:42||265|
B00619|2019-01-01 00:37:06|2019-01-01 00:47:08||265|
B00619|2019-01-01 00:56:11|2019-01-01 01:24:32||265|
B00628|2019-01-01 00:45:35|2019-01-01 01:36:24|88|98|
B00628|2019-01-01 00:07:14|2019-01-01 00:36:29|87|74|
B00647|2019-01-01 00:15:58|2019-01-01 00:21:51||265|
B00647|2019-01-01 00:29:03|2019-01-01 00:42:04||265|
B00647|2019-01-01 00:01:47|2019-01-01 00:05:18||265|
B00647|2019-01-01 00:12:26|2019-01-01 00:18:26||265|
B00647|2019-01-01 00:24:05|2019-01-01 00:30:22||265|
B00647|2019-01-01 00:37:53|2019-01-01 00:52:15||265|
B00647|2019-01-01 00:58:55|2019-01-01 01:02:00||265|
B00647|2019-01-01 00:18:25|2019-01-01 00:38:45||265|
B00647|2019-01-01 00:41:22|2019-01-01 00:46:04||265|
B00647|2019-01-01 00:33:42|2019-01-01 00:38:14||265|
B00647|2019-01-01 00:43:53|2019-01-01 00:49:01||265|
B00647|2019-01-01 00:55:06|2019-01-01 00:58:40||265|
B00647|2019-01-01 00:15:53|2019-01-01 00:21:11||265|
B00647|2019-01-01 00:43:15|2019-01-01 00:58:07||265|
B00647|2019-01-01 00:54:10|2019-01-01 01:14:30||265|
B00647|2019-01-01 00:21:40|2019-01-01 00:36:27||265|
B00647|2019-01-01 00:17:59|2019-01-01 00:33:59||265|
B00647|2019-01-01 00:14:11|2019-01-01 00:29:29||265|
B00647|2019-01-01 00:44:39|2019-01-01 01:03:24||265|
B00647|2019-01-01 00:57:02|2019-01-01 01:13:02||265|
B00647|2019-01-01 00:16:01|2019-01-01 00:37:02||265|
B00647|2019-01-01 00:58:57|2019-01-01 01:17:56||265|
B00647|2019-01-01 00:06:03|2019-01-01 00:11:22||265|
B00647|2019-01-01 00:39:37|2019-01-01 01:03:31||265|
B00647|2019-01-01 00:06:06|2019-01-01 00:12:19||265|
B00647|2019-01-01 00:27:18|2019-01-01 00:30:58||265|
B00647|2019-01-01 00:40:57|2019-01-01 00:50:54||265|
B00652|2019-01-01 00:07:29|2019-01-01 00:13:38||61|
B00693|2019-01-01 00:50:42|2019-01-01 00:51:34||265|
B00706         |2019-01-01 00:20:06|2019-01-01 00:27:45|206|206|
B00706         |2019-01-01 00:31:34|2019-01-01 00:46:20|221|206|
B00706         |2019-01-01 00:58:55|2019-01-01 01:32:00|206|156|
B00706         |2019-01-01 00:33:42|2019-01-01 00:38:37|245|206|
B00756|2019-01-01 00:07:00|2019-01-01 00:24:00|||
B00756|2019-01-01 00:41:00|2019-01-01 00:55:00|||
B00756|2019-01-01 00:27:00|2019-01-01 00:37:00|||
B00756|2019-01-01 00:49:00|2019-01-01 00:54:00|||
B00756|2019-01-01 00:32:00|2019-01-01 00:40:00|||
B00756|2019-01-01 00:48:00|2019-01-01 00:52:00|||
B00789|2019-01-01 00:27:24|2019-01-01 00:36:58|||
B00789|2019-01-01 00:10:35|2019-01-02 00:41:27|||
B00789|2019-01-01 00:13:20|2019-01-02 00:39:00|||
B00789|2019-01-01 00:29:58|2019-01-02 01:07:49|||
B00789|2019-01-01 00:14:23|2019-01-02 00:42:04|||
B00789|2019-01-01 00:03:55|2019-01-02 00:30:36|||
B00821|2019-01-01 00:23:42|2019-01-01 00:42:51||265|
B00821|2019-01-01 00:01:18|2019-01-01 00:08:09||265|
B00821|2019-01-01 00:25:58|2019-01-01 00:29:36||265|
B00821|2019-01-01 00:40:04|2019-01-01 00:46:42||265|
B00821|2019-01-01 00:51:20|2019-01-01 01:00:52||265|
B00821|2019-01-01 00:28:09|2019-01-01 00:46:37||265|
B00821|2019-01-01 00:36:23|2019-01-01 00:53:21||265|
B00821|2019-01-01 00:29:12|2019-01-01 00:32:21||265|
B00821|2019-01-01 00:39:08|2019-01-01 00:41:04||265|
B00821|2019-01-01 00:20:37|2019-01-01 00:22:16||265|
B00821|2019-01-01 00:05:35|2019-01-01 00:07:11||265|
B00821|2019-01-01 00:32:58|2019-01-01 00:36:19||265|
B00821|2019-01-01 00:45:44|2019-01-01 00:47:21||265|
B00821|2019-01-01 00:31:45|2019-01-01 00:39:37||265|
B00821|2019-01-01 00:46:05|2019-01-01 01:03:00||265|
B00821|2019-01-01 00:10:24|2019-01-01 00:14:35||265|
B00821|2019-01-01 00:23:30|2019-01-01 00:50:09||265|
B00821|2019-01-01 00:04:00|2019-01-01 00:30:03||265|
B00821|2019-01-01 00:36:32|2019-01-01 00:47:34||265|
B00823|2019-01-01 00:13:30|2019-01-01 00:32:16|181|61|
B00823|2019-01-01 00:42:45|2019-01-01 00:55:16|181||
B00823|2019-01-01 00:53:20|2019-01-01 01:21:47|181||
B00823|2019-01-01 00:15:39|2019-01-01 01:26:51|257||
B00823|2019-01-01 00:30:05|2019-01-01 00:56:33|195|211|
B00823|2019-01-01 00:22:47|2019-01-01 00:43:51|181||
B00823|2019-01-01 00:20:00|2019-01-01 01:00:24|138|257|
B00823|2019-01-01 00:20:00|2019-01-01 00:45:20|181|65|
B00823|2019-01-01 00:31:11|2019-01-01 01:29:52|25|39|
B00823|2019-01-01 00:15:00|2019-01-01 00:30:43|89|181|
B00823|2019-01-01 00:30:33|2019-01-01 00:54:55|181||
B00837|2019-01-01 00:33:34|2019-01-01 01:16:37|||
B00837|2019-01-01 00:56:51|2019-01-01 04:50:58|||
B00856|2019-01-01 00:07:20|2019-01-01 00:27:50||265|
B00856|2019-01-01 00:38:32|2019-01-01 00:41:08||265|
B00856|2019-01-01 00:48:19|2019-01-01 00:59:26||265|
B00856|2019-01-01 00:11:14|2019-01-01 00:15:59||265|
B00856|2019-01-01 00:21:40|2019-01-01 00:38:54||265|
B00856|2019-01-01 00:50:34|2019-01-01 01:02:27||265|
B00856|2019-01-01 00:20:53|2019-01-01 00:34:33||265|
B00856|2019-01-01 00:40:07|2019-01-01 00:58:11||265|
B00856|2019-01-01 00:34:08|2019-01-01 00:35:00||265|
B00856|2019-01-01 00:43:43|2019-01-01 01:08:07||265|
B00856|2019-01-01 00:13:28|2019-01-01 00:33:04||265|
B00856|2019-01-01 00:53:00|2019-01-01 01:15:45||265|
B00856|2019-01-01 00:41:56|2019-01-01 00:48:06||265|
B00856|2019-01-01 00:42:53|2019-01-01 00:49:37||265|
B00856|2019-01-01 00:19:14|2019-01-01 01:28:02||265|
B00856|2019-01-01 00:30:15|2019-01-01 00:43:27||265|
B00856|2019-01-01 00:34:59|2019-01-01 00:39:49||265|
B00856|2019-01-01 00:45:04|2019-01-01 00:58:49||265|
B00856|2019-01-01 00:25:08|2019-01-01 00:34:34||265|
B00856|2019-01-01 00:52:26|2019-01-01 01:07:26||265|
B00856|2019-01-01 00:13:28|2019-01-01 00:28:29||265|
B00856|2019-01-01 00:41:18|2019-01-01 02:15:39||265|
B00856|2019-01-01 00:35:27|2019-01-01 00:41:26||265|
B00856|2019-01-01 00:13:38|2019-01-01 00:21:25||265|
B00856|2019-01-01 00:31:56|2019-01-01 00:33:14||265|
B00856|2019-01-01 00:42:15|2019-01-01 00:51:23||265|
B00856|2019-01-01 00:16:19|2019-01-01 00:22:38||265|
B00856|2019-01-01 00:40:09|2019-01-01 00:55:02||265|
B00856|2019-01-01 00:19:09|2019-01-01 00:28:45||265|
B00856|2019-01-01 00:33:13|2019-01-01 00:41:26||265|
B00856|2019-01-01 00:59:29|2019-01-01 01:09:55||265|
B00856|2019-01-01 00:22:21|2019-01-01 00:28:59||265|
B00856|2019-01-01 00:53:11|2019-01-01 01:03:59||265|
B00856|2019-01-01 00:44:56|2019-01-01 01:09:21||265|
B00856|2019-01-01 00:37:06|2019-01-01 00:58:07||265|
B00856|2019-01-01 00:29:04|2019-01-01 00:33:58||265|
B00856|2019-01-01 00:13:00|2019-01-01 00:37:03||265|
B00856|2019-01-01 00:35:00|2019-01-01 00:45:05||265|
B00856|2019-01-01 00:37:00|2019-01-01 01:00:20||265|
B00856|2019-01-01 00:39:00|2019-01-01 00:52:08||265|
B00856|2019-01-01 00:32:43|2019-01-01 00:48:01||265|
B00856|2019-01-01 00:58:28|2019-01-01 01:14:28||265|
B00856|2019-01-01 00:58:47|2019-01-01 01:16:28||265|
B00856|2019-01-01 00:19:21|2019-01-01 00:27:41||265|
B00860|2019-01-01 00:43:59|2019-01-01 00:54:38||265|
B00860|2019-01-01 00:48:58|2019-01-01 00:51:59||265|
B00860|2019-01-01 00:56:00|2019-01-01 00:59:02||265|
B00860|2019-01-01 00:22:03|2019-01-01 00:33:37||265|
B00860|2019-01-01 00:34:54|2019-01-01 00:39:34||265|
B00860|2019-01-01 00:19:15|2019-01-01 00:29:05||265|
B00860|2019-01-01 00:37:03|2019-01-01 00:54:18||265|
B00860|2019-01-01 00:57:40|2019-01-01 01:01:36||265|
B00860|2019-01-01 00:19:35|2019-01-01 00:31:59||265|
B00860|2019-01-01 00:07:00|2019-01-01 00:10:52||265|
B00860|2019-01-01 00:11:30|2019-01-01 00:34:02||265|
B00860|2019-01-01 00:27:00|2019-01-01 00:40:36||265|
B00860|2019-01-01 00:55:03|2019-01-01 01:00:48||265|
B00860|2019-01-01 00:26:33|2019-01-01 00:38:37||265|
B00860|2019-01-01 00:46:44|2019-01-01 00:58:28||265|
B00860|2019-01-01 00:29:44|2019-01-01 00:36:19||265|
B00860|2019-01-01 00:42:41|2019-01-01 00:46:19||265|
B00882|2019-01-01 00:34:13|2019-01-01 00:39:36||265|
B00882|2019-01-01 00:48:13|2019-01-01 01:02:48||265|
B00887|2019-01-01 00:29:57|2019-01-01 02:49:34||265|
B00887|2019-01-01 00:32:01|2019-01-01 01:41:40||265|
B00887|2019-01-01 00:31:22|2019-01-01 00:44:19||265|
B00887|2019-01-01 00:45:43|2019-01-01 01:18:42||265|
B00887|2019-01-01 00:17:44|2019-01-01 00:25:02||265|
B00887|2019-01-01 00:41:54|2019-01-01 00:43:18||265|
B00887|2019-01-01 00:48:14|2019-01-01 01:19:05||265|
B00887|2019-01-01 00:02:22|2019-01-01 00:39:27||265|
B00887|2019-01-01 00:58:06|2019-01-01 01:28:14||265|
B00887|2019-01-01 00:30:50|2019-01-01 01:07:27||265|
B00887|2019-01-01 00:24:35|2019-01-01 00:43:29||265|
B00887|2019-01-01 00:45:57|2019-01-01 01:03:42||265|
B00887|2019-01-01 00:40:55|2019-01-01 01:16:11||265|
B00887|2019-01-01 00:34:00|2019-01-01 00:54:17||265|
B00887|2019-01-01 00:47:54|2019-01-01 01:20:34||265|
B00887|2019-01-01 00:33:42|2019-01-01 01:14:26||265|
B00887|2019-01-01 00:10:20|2019-01-01 00:19:19||265|
B00887|2019-01-01 00:50:54|2019-01-01 01:12:35||265|
B00887|2019-01-01 00:36:13|2019-01-01 01:04:12||265|
B00887|2019-01-01 00:36:28|2019-01-01 00:52:45||265|
B00887|2019-01-01 00:07:35|2019-01-01 00:19:35||265|
B00887|2019-01-01 00:40:04|2019-01-01 00:47:07||265|
B00887|2019-01-01 00:23:57|2019-01-01 01:03:03||265|
B00887|2019-01-01 00:22:39|2019-01-01 00:58:01||265|
B00887|2019-01-01 00:13:32|2019-01-01 00:45:50||265|
B00887|2019-01-01 00:30:02|2019-01-01 01:12:31||265|
B00887|2019-01-01 00:20:59|2019-01-01 00:44:34||265|
B00887|2019-01-01 00:52:36|2019-01-01 01:20:28||265|
B00887|2019-01-01 00:54:41|2019-01-01 01:49:18||265|
B00887|2019-01-01 00:29:59|2019-01-01 01:14:48||265|
B00887|2019-01-01 00:55:56|2019-01-01 01:16:20||265|
B00887|2019-01-01 00:48:15|2019-01-01 00:56:14||265|
B00887|2019-01-01 00:55:20|2019-01-01 01:34:31||265|
B00887|2019-01-01 00:27:20|2019-01-01 00:50:17||265|
B00887|2019-01-01 00:11:50|2019-01-01 00:19:49||265|
B00887|2019-01-01 00:43:39|2019-01-01 00:55:45||265|
B00887|2019-01-01 00:26:02|2019-01-01 00:56:58||265|
B00887|2019-01-01 00:33:18|2019-01-01 00:41:08||265|
B00887|2019-01-01 00:38:31|2019-01-01 01:10:20||265|
B00887|2019-01-01 00:25:29|2019-01-01 00:44:25||265|
B00887|2019-01-01 00:21:46|2019-01-01 00:39:49||265|
B00887|2019-01-01 00:28:42|2019-01-01 00:46:11||265|
B00887|2019-01-01 00:28:01|2019-01-01 00:55:30||265|
B00887|2019-01-01 00:24:40|2019-01-01 00:44:46||265|
B00887|2019-01-01 00:07:18|2019-01-01 00:26:46||265|
B00887|2019-01-01 00:48:29|2019-01-01 01:06:21||265|
B00887|2019-01-01 00:22:16|2019-01-01 01:18:48||265|
B00887|2019-01-01 00:27:32|2019-01-01 00:58:45||265|
B00887|2019-01-01 00:46:51|2019-01-01 01:15:32||265|
B00887|2019-01-01 00:44:59|2019-01-01 01:11:49||265|
B00887|2019-01-01 00:15:56|2019-01-01 00:31:39||265|
B00887|2019-01-01 00:40:51|2019-01-01 00:50:32||265|
B00887|2019-01-01 00:09:39|2019-01-01 00:45:05||265|
B00887|2019-01-01 00:43:59|2019-01-01 01:20:53||265|
B00887|2019-01-01 00:38:28|2019-01-01 01:19:49||265|
B00887|2019-01-01 00:13:30|2019-01-01 01:00:49||265|
B00887|2019-01-01 00:56:18|2019-01-01 01:29:46||265|
B00887|2019-01-01 00:33:49|2019-01-01 00:52:12||265|
B00887|2019-01-01 00:36:04|2019-01-01 01:40:10||265|
B00887|2019-01-01 00:33:49|2019-01-01 01:07:50||265|
B00887|2019-01-01 00:41:42|2019-01-01 01:08:00||265|
B00887|2019-01-01 00:11:48|2019-01-01 00:37:23||265|
B00887|2019-01-01 00:15:32|2019-01-01 01:14:32||265|
B00887|2019-01-01 00:27:40|2019-01-01 00:55:55||265|
B00887|2019-01-01 00:24:44|2019-01-01 00:56:23||265|
B00887|2019-01-01 00:39:35|2019-01-01 00:49:16||265|
B00887|2019-01-01 00:43:51|2019-01-01 01:13:22||265|
B00887|2019-01-01 00:30:40|2019-01-01 00:40:55||265|
B00887|2019-01-01 00:32:21|2019-01-01 00:43:36||265|
B00887|2019-01-01 00:14:42|2019-01-01 00:18:42||265|
B00887|2019-01-01 00:05:30|2019-01-01 00:28:25||265|
B00889         |2019-01-01 00:48:54|2019-01-01 00:57:50|70|129|
B00889         |2019-01-01 00:33:34|2019-01-01 00:50:02|145|179|
B00889         |2019-01-01 00:52:02|2019-01-01 01:13:59|7|70|
B00889         |2019-01-01 00:24:10|2019-01-01 00:39:07|70|173|
B00889         |2019-01-01 00:40:17|2019-01-01 00:53:35|173|129|
B00889         |2019-01-01 00:55:12|2019-01-01 01:11:33|82|129|
B00889         |2019-01-01 00:57:38|2019-01-01 01:05:58|173|129|
B00900|2019-01-01 00:33:08|2019-01-01 00:42:01||265|
B00900|2019-01-01 00:47:25|2019-01-01 01:02:11||265|
B00900|2019-01-01 00:42:53|2019-01-01 00:54:21||265|
B00900|2019-01-01 00:59:26|2019-01-01 01:12:59||265|
B00900|2019-01-01 00:05:22|2019-01-01 00:08:44||265|
B00900|2019-01-01 00:15:53|2019-01-01 00:20:13||265|
B00900|2019-01-01 00:11:16|2019-01-01 00:14:57||265|
B00900|2019-01-01 00:28:01|2019-01-01 00:33:29||265|
B00900|2019-01-01 00:44:17|2019-01-01 00:47:24||265|
B00900|2019-01-01 00:10:12|2019-01-01 00:14:47||265|
B00900|2019-01-01 00:25:28|2019-01-01 00:30:23||265|
B00900|2019-01-01 00:49:08|2019-01-01 00:52:23||265|
B00900|2019-01-01 00:05:23|2019-01-01 00:11:17||265|
B00900|2019-01-01 00:17:41|2019-01-01 00:30:37||265|
B00900|2019-01-01 00:43:21|2019-01-01 01:06:55||265|
B00900|2019-01-01 00:44:55|2019-01-01 01:05:27||265|
B00900|2019-01-01 00:16:07|2019-01-01 00:34:03||265|
B00900|2019-01-01 00:31:18|2019-01-01 00:36:00||265|
B00900|2019-01-01 00:37:55|2019-01-01 00:47:50||265|
B00900|2019-01-01 00:52:52|2019-01-01 01:10:46||265|
B00900|2019-01-01 00:29:09|2019-01-01 00:36:02||265|
B00900|2019-01-01 00:44:56|2019-01-01 00:48:25||265|
B00900|2019-01-01 00:57:46|2019-01-01 01:08:47||265|
B00900|2019-01-01 00:04:27|2019-01-01 01:44:55||265|
B00900|2019-01-01 00:26:42|2019-01-01 00:49:24||265|
B00900|2019-01-01 00:26:41|2019-01-01 01:07:07||265|
B00900|2019-01-01 00:24:57|2019-01-01 00:59:50||265|
B00911|2019-01-01 00:40:22|2019-01-01 00:48:52||265|
B00911|2019-01-01 00:15:43|2019-01-01 00:46:06||265|
B00911|2019-01-01 00:18:59|2019-01-01 00:27:19||265|
B00911|2019-01-01 00:42:27|2019-01-01 00:57:00||265|
B00911|2019-01-01 00:42:18|2019-01-01 01:27:45||265|
B00911|2019-01-01 00:17:59|2019-01-01 00:38:45||265|
B00911|2019-01-01 00:45:08|2019-01-01 01:01:07||265|
B00911|2019-01-01 00:50:58|2019-01-01 00:55:53||265|
B00911|2019-01-01 00:34:04|2019-01-01 00:57:38||265|
B00911|2019-01-01 00:10:16|2019-01-01 00:27:16||265|
B00911|2019-01-01 00:37:10|2019-01-01 00:48:39||265|
B00911|2019-01-01 00:14:50|2019-01-01 00:33:12||265|
B00911|2019-01-01 00:37:54|2019-01-01 00:38:54||265|
B00911|2019-01-01 00:42:26|2019-01-01 00:44:42||265|
B00911|2019-01-01 00:28:00|2019-01-01 00:29:02||265|
B00911|2019-01-01 00:17:50|2019-01-01 00:32:10||265|
B00911|2019-01-01 00:40:00|2019-01-01 00:47:08||265|
B00911|2019-01-01 00:48:38|2019-01-01 01:11:05||265|
B00919|2019-01-01 00:39:33|2019-01-01 01:00:03||265|
B00919|2019-01-01 00:55:53|2019-01-01 01:03:51||265|
B00919|2019-01-01 00:35:41|2019-01-01 00:46:50||265|
B00919|2019-01-01 00:14:01|2019-01-01 00:24:31||265|
B00919|2019-01-01 00:46:18|2019-01-01 00:54:53||265|
B00919|2019-01-01 00:15:36|2019-01-01 00:25:39||265|
B00919|2019-01-01 00:24:44|2019-01-01 00:30:17||265|
B00919|2019-01-01 00:06:43|2019-01-01 00:21:12||265|
B00919|2019-01-01 00:36:09|2019-01-01 00:55:35||265|
B00919|2019-01-01 00:38:23|2019-01-01 00:46:35||265|
B00919|2019-01-01 00:01:32|2019-01-01 00:14:58||265|
B00919|2019-01-01 00:19:07|2019-01-01 00:28:41||265|
B00919|2019-01-01 00:38:00|2019-01-01 00:49:02||265|
B00919|2019-01-01 00:07:06|2019-01-01 00:14:16||265|
B00919|2019-01-01 00:24:03|2019-01-01 00:52:03||265|
B00919|2019-01-01 00:53:16|2019-01-01 01:18:38||265|
B00919|2019-01-01 00:04:43|2019-01-01 00:09:59||265|
B00932|2019-01-01 00:15:31|2019-01-01 00:23:47||265|
B00937|2019-01-01 00:03:38|2019-01-01 00:07:41||265|
B00937|2019-01-01 00:16:28|2019-01-01 00:28:32||265|
B00937|2019-01-01 00:37:42|2019-01-01 00:47:16||265|
B00937|2019-01-01 00:58:48|2019-01-01 01:27:33||265|
B00937|2019-01-01 00:36:30|2019-01-01 00:46:22||265|
B00937|2019-01-01 00:41:47|2019-01-01 00:49:00||265|
B00937|2019-01-01 00:53:09|2019-01-01 01:14:22||265|
B00937|2019-01-01 00:26:51|2019-01-01 00:34:25||265|
B00937|2019-01-01 00:39:28|2019-01-01 00:56:57||265|
B00937|2019-01-01 00:43:18|2019-01-01 19:45:21||265|
B00937|2019-01-01 00:27:59|2019-01-01 00:30:00||265|
B00937|2019-01-01 00:39:47|2019-01-01 01:08:33||265|
B00937|2019-01-01 00:40:41|2019-01-01 00:56:27||265|
B00937|2019-01-01 00:26:43|2019-01-01 00:28:46||265|
B00937|2019-01-01 00:16:21|2019-01-01 00:25:05||265|
B00937|2019-01-01 00:30:12|2019-01-01 00:55:28||265|
B00937|2019-01-01 00:18:45|2019-01-01 00:28:30||265|
B00937|2019-01-01 00:38:11|2019-01-01 01:03:34||265|
B00937|2019-01-01 00:16:40|2019-01-01 00:18:59||265|
B00937|2019-01-01 00:04:46|2019-01-01 00:15:58||265|
B00937|2019-01-01 00:21:41|2019-01-01 00:37:45||265|
B00937|2019-01-01 00:47:53|2019-01-01 00:53:48||265|
B00937|2019-01-01 00:09:51|2019-01-01 00:12:52||265|
B00937|2019-01-01 00:36:24|2019-01-01 00:52:11||265|
B00937|2019-01-01 00:58:22|2019-01-01 01:07:42||265|
B00937|2019-01-01 00:40:18|2019-01-01 00:56:43||265|
B00937|2019-01-01 00:04:02|2019-01-01 00:19:18||265|
B00937|2019-01-01 00:25:57|2019-01-01 00:39:50||265|
B00937|2019-01-01 00:49:48|2019-01-01 01:06:19||265|
B00937|2019-01-01 00:46:33|2019-01-01 01:00:14||265|
B00937|2019-01-01 00:29:50|2019-01-01 00:33:26||265|
B00937|2019-01-01 00:37:49|2019-01-01 00:55:40||265|
B00937|2019-01-01 00:28:52|2019-01-01 00:35:53||265|
B00937|2019-01-01 00:51:44|2019-01-01 01:30:17||265|
B00937|2019-01-01 00:34:22|2019-01-01 01:50:58||265|
B00937|2019-01-01 00:10:26|2019-01-01 00:19:56||265|
B00937|2019-01-01 00:40:07|2019-01-01 00:45:25||265|
B00937|2019-01-01 00:50:52|2019-01-01 01:16:04||265|
B00937|2019-01-01 00:16:36|2019-01-01 00:18:59||265|
B00937|2019-01-01 00:29:38|2019-01-01 00:37:18||265|
B00937|2019-01-01 00:55:16|2019-01-01 00:58:08||265|
B00937|2019-01-01 00:26:27|2019-01-01 00:38:12||265|
B00937|2019-01-01 00:44:16|2019-01-01 00:53:56||265|
B00965|2019-01-01 00:19:00|2019-01-01 00:49:00|265|265|
B00965|2019-01-01 00:47:00|2019-01-01 01:22:00|265|265|
B00965|2019-01-01 00:10:00|2019-01-01 00:26:00|265|265|
B00965|2019-01-01 00:19:00|2019-01-01 00:34:00|265|265|
B00965|2019-01-01 00:23:00|2019-01-01 00:45:00|265|265|
B00965|2019-01-01 00:39:00|2019-01-01 01:00:00|265|265|
B00965|2019-01-01 00:47:00|2019-01-01 01:49:00|265|265|
B00965|2019-01-01 00:42:00|2019-01-01 01:05:00|265|265|
B00965|2019-01-01 00:49:00|2019-01-01 01:26:00|265|265|
B00965|2019-01-01 00:17:00|2019-01-01 00:43:00|265|265|
B00965|2019-01-01 00:20:00|2019-01-01 00:49:00|265|265|
B00965|2019-01-01 00:42:00|2019-01-01 01:01:00|265|265|
B00965|2019-01-01 00:48:00|2019-01-01 01:38:00|265|265|
B00965|2019-01-01 00:35:00|2019-01-01 01:03:00|265|265|
B00965|2019-01-01 00:15:00|2019-01-01 00:32:00|265|265|
B00965|2019-01-01 00:21:00|2019-01-01 00:58:00|265|265|
B00965|2019-01-01 00:28:00|2019-01-01 01:11:00|265|265|
B00965|2019-01-01 00:21:00|2019-01-01 00:50:00|265|265|
B00965|2019-01-01 00:23:00|2019-01-01 00:34:00|265|265|
B00965|2019-01-01 00:45:00|2019-01-01 01:06:00|265|265|
B00965|2019-01-01 00:59:00|2019-01-01 02:10:00|265|265|
B00965|2019-01-01 00:29:00|2019-01-01 00:50:00|265|265|
B00965|2019-01-01 00:48:00|2019-01-01 01:11:00|265|265|
B00972|2019-01-01 00:31:00|2019-01-01 01:39:00|||
B00972|2019-01-01 00:07:00|2019-01-01 00:45:00|||
B00972|2019-01-01 00:30:00|2019-01-01 00:46:00|||
B00975         |2019-01-01 00:12:51|2019-01-01 00:28:44|71|71|
B00975         |2019-01-01 00:33:39|2019-01-01 00:58:57|188|71|
B00975         |2019-01-01 00:40:43|2019-01-01 01:01:17|72|39|
B00990|2019-01-01 00:41:10|2019-01-01 01:27:04||265|
B01048|2019-01-01 00:45:00|2019-01-01 01:10:00|||
B01051|2019-01-01 00:12:55|2019-01-01 00:23:52||265|
B01051|2019-01-01 00:42:14|2019-01-01 00:49:35||265|
B01051|2019-01-01 00:20:58|2019-01-01 00:28:16||265|
B01051|2019-01-01 00:38:26|2019-01-01 01:01:43||265|
B01051|2019-01-01 00:37:05|2019-01-01 00:52:52||265|
B01051|2019-01-01 00:01:25|2019-01-01 00:09:23||265|
B01051|2019-01-01 00:17:21|2019-01-01 00:19:34||265|
B01051|2019-01-01 00:41:45|2019-01-01 00:51:02||265|
B01051|2019-01-01 00:55:03|2019-01-01 01:07:12||265|
B01051|2019-01-01 00:20:02|2019-01-01 00:29:14||265|
B01051|2019-01-01 00:37:12|2019-01-01 00:46:12||265|
B01051|2019-01-01 00:55:27|2019-01-01 00:58:57||265|
B01051|2019-01-01 00:08:28|2019-01-01 00:13:01||265|
B01051|2019-01-01 00:43:58|2019-01-01 00:47:42||265|
B01051|2019-01-01 00:34:04|2019-01-01 00:44:01||265|
B01051|2019-01-01 00:17:35|2019-01-01 00:21:12||265|
B01051|2019-01-01 00:31:01|2019-01-01 00:40:16||265|
B01051|2019-01-01 00:32:16|2019-01-01 00:36:55||265|
B01061|2019-01-01 00:37:00|2019-01-01 01:07:35||265|
B01061|2019-01-01 00:00:10|2019-01-01 00:16:19||265|
B01061|2019-01-01 00:32:53|2019-01-01 00:46:03||265|
B01061|2019-01-01 00:50:04|2019-01-01 01:04:05||265|
B01061|2019-01-01 00:22:40|2019-01-01 00:35:28||265|
B01061|2019-01-01 00:57:30|2019-01-01 01:08:42||265|
B01061|2019-01-01 00:57:12|2019-01-01 01:19:41||265|
B01061|2019-01-01 00:36:16|2019-01-01 00:58:02||265|
B01061|2019-01-01 00:06:22|2019-01-01 00:10:18||265|
B01061|2019-01-01 00:19:31|2019-01-01 00:29:00||265|
B01061|2019-01-01 00:40:22|2019-01-01 00:55:17||265|
B01061|2019-01-01 00:28:51|2019-01-01 00:32:00||265|
B01061|2019-01-01 00:12:46|2019-01-01 00:22:32||265|
B01061|2019-01-01 00:40:59|2019-01-01 00:49:37||265|
B01061|2019-01-01 00:09:00|2019-01-01 00:32:20||265|
B01061|2019-01-01 00:34:18|2019-01-01 00:54:13||265|
B01061|2019-01-01 00:59:26|2019-01-01 02:07:14||265|
B01061|2019-01-01 00:14:47|2019-01-01 00:28:37||265|
B01061|2019-01-01 00:35:46|2019-01-01 01:01:05||265|
B01061|2019-01-01 00:27:58|2019-01-01 00:31:06||265|
B01061|2019-01-01 00:34:10|2019-01-01 01:01:16||265|
B01061|2019-01-01 00:08:45|2019-01-01 00:25:04||265|
B01061|2019-01-01 00:28:10|2019-01-01 00:41:10||265|
B01061|2019-01-01 00:46:40|2019-01-01 01:05:52||265|
B01061|2019-01-01 00:19:40|2019-01-01 00:30:23||265|
B01061|2019-01-01 00:12:39|2019-01-01 00:15:46||265|
B01061|2019-01-01 00:20:09|2019-01-01 00:40:45||265|
B01061|2019-01-01 00:43:29|2019-01-01 00:49:24||265|
B01061|2019-01-01 00:51:54|2019-01-01 00:57:38||265|
B01061|2019-01-01 00:13:41|2019-01-01 00:23:50||265|
B01061|2019-01-01 00:28:11|2019-01-01 00:39:47||265|
B01061|2019-01-01 00:43:05|2019-01-01 02:07:25||265|
B01065|2019-01-01 00:03:26|2019-01-01 00:10:08||265|
B01065|2019-01-01 00:10:25|2019-01-01 00:22:13||265|
B01065|2019-01-01 00:25:55|2019-01-01 00:30:08||265|
B01065|2019-01-01 00:37:31|2019-01-01 00:45:37||265|
B01065|2019-01-01 00:50:50|2019-01-01 00:54:04||265|
B01065|2019-01-01 00:58:10|2019-01-01 01:16:12||265|
B01065|2019-01-01 00:00:49|2019-01-01 00:10:04||265|
B01065|2019-01-01 00:15:08|2019-01-01 00:19:52||265|
B01065|2019-01-01 00:40:50|2019-01-01 00:50:12||265|
B01065|2019-01-01 00:25:14|2019-01-01 00:45:15||265|
B01066         |2019-01-01 00:18:42|2019-01-01 00:29:20|70|56|
B01066         |2019-01-01 00:41:00|2019-01-01 00:51:15|173|173|
B01066         |2019-01-01 00:51:54|2019-01-01 01:01:56|173|70|
B01066         |2019-01-01 00:21:11|2019-01-01 00:31:44|70|70|
B01066         |2019-01-01 00:57:39|2019-01-01 01:08:52|129|173|
B01066         |2019-01-01 00:18:11|2019-01-01 00:30:02|56|173|
B01066         |2019-01-01 00:54:06|2019-01-01 01:05:16|56|173|
B01069|2019-01-01 00:42:00|2019-01-01 00:50:00|||
B01069|2019-01-01 00:23:00|2019-01-01 00:33:00|||
B01069|2019-01-01 00:05:00|2019-01-01 00:28:00|||
B01079|2019-01-01 00:08:01|2019-01-01 00:13:41||265|
B01079|2019-01-01 00:22:27|2019-01-01 00:36:39||265|
B01079|2019-01-01 00:30:44|2019-01-01 00:36:23||265|
B01079|2019-01-01 00:55:16|2019-01-01 01:09:23||265|
B01079|2019-01-01 00:08:22|2019-01-01 00:48:24||265|
B01079|2019-01-01 00:59:46|2019-01-01 01:07:57||265|
B01079|2019-01-01 00:36:27|2019-01-01 00:43:07||265|
B01129|2019-01-01 00:37:00|2019-01-01 00:42:00|||
B01129|2019-01-01 00:57:00|2019-01-01 01:17:00|||
B01129|2019-01-01 00:36:00|2019-01-01 00:45:00|||
B01129|2019-01-01 00:42:00|2019-01-01 00:44:00|||
B01145|2019-01-01 00:21:41|2019-01-01 00:26:51||265|
B01145|2019-01-01 00:11:48|2019-01-01 00:16:50||265|
B01145|2019-01-01 00:21:58|2019-01-01 00:28:10||265|
B01145|2019-01-01 00:33:00|2019-01-01 00:45:40||265|
B01145|2019-01-01 00:51:44|2019-01-01 01:03:48||265|
B01145|2019-01-01 00:24:56|2019-01-01 00:34:52||265|
B01145|2019-01-01 00:19:03|2019-01-01 00:26:02||265|
B01145|2019-01-01 00:36:10|2019-01-01 00:50:34||265|
B01145|2019-01-01 00:22:22|2019-01-01 00:27:29||265|
B01145|2019-01-01 00:31:26|2019-01-01 00:42:42||265|
B01145|2019-01-01 00:15:52|2019-01-01 00:21:03||265|
B01145|2019-01-01 00:25:45|2019-01-01 00:40:13||265|
B01145|2019-01-01 00:55:28|2019-01-01 01:00:49||265|
B01145|2019-01-01 00:31:59|2019-01-01 00:44:51||265|
B01145|2019-01-01 00:15:59|2019-01-01 00:26:14||265|
B01145|2019-01-01 00:33:13|2019-01-01 00:49:25||265|
B01145|2019-01-01 00:34:06|2019-01-01 01:03:12||265|
B01146|2019-01-01 00:35:08|2019-01-01 00:50:11||265|
B01146|2019-01-01 00:37:57|2019-01-01 00:47:00||265|
B01146|2019-01-01 00:50:15|2019-01-01 01:05:39||265|
B01146|2019-01-01 00:06:37|2019-01-01 00:09:49||265|
B01146|2019-01-01 00:28:04|2019-01-01 01:02:03||265|
B01146|2019-01-01 00:13:23|2019-01-01 00:43:59||265|
B01148         |2019-01-01 00:56:46|2019-01-01 01:48:07|189|72|
B01176         |2019-01-01 00:46:50|2019-01-01 00:54:13|56|56|
B01176         |2019-01-01 00:18:26|2019-01-01 00:36:28|70|56|
B01176         |2019-01-01 00:36:38|2019-01-01 01:00:20|56|82|
B01176         |2019-01-01 00:00:47|2019-01-01 00:27:48|56|252|
B01176         |2019-01-01 00:44:41|2019-01-01 00:56:14|56|56|
B01176         |2019-01-01 00:59:31|2019-01-01 01:18:47|173|173|
B01196|2019-01-01 00:12:28|2019-01-01 00:18:09||265|
B01196|2019-01-01 00:23:05|2019-01-01 00:30:55||265|
B01196|2019-01-01 00:46:21|2019-01-01 00:50:37||265|
B01196|2019-01-01 00:08:47|2019-01-01 00:29:00||265|
B01196|2019-01-01 00:35:56|2019-01-01 00:43:23||265|
B01196|2019-01-01 00:52:53|2019-01-01 01:04:21||265|
B01196|2019-01-01 00:26:43|2019-01-01 00:39:41||265|
B01196|2019-01-01 00:48:00|2019-01-01 01:59:22||265|
B01196|2019-01-01 00:10:49|2019-01-01 00:36:46||265|
B01196|2019-01-01 00:46:53|2019-01-01 00:55:00||265|
B01196|2019-01-01 00:40:59|2019-01-01 00:58:06||265|
B01196|2019-01-01 00:12:19|2019-01-01 00:33:22||265|
B01196|2019-01-01 00:14:18|2019-01-01 00:30:22||265|
B01196|2019-01-01 00:37:00|2019-01-01 00:49:51||265|
B01196|2019-01-01 00:31:51|2019-01-01 00:40:07||265|
B01196|2019-01-01 00:26:16|2019-01-01 00:38:55||265|
B01196|2019-01-01 00:29:13|2019-01-01 00:41:20||265|
B01196|2019-01-01 00:52:00|2019-01-01 01:04:00||265|
B01196|2019-01-01 00:15:00|2019-01-01 00:26:44||265|
B01196|2019-01-01 00:32:57|2019-01-01 00:52:14||265|
B01200|2019-01-01 00:22:29|2019-01-01 00:45:07||265|
B01200|2019-01-01 00:46:15|2019-01-01 00:51:22||265|
B01200|2019-01-01 00:04:03|2019-01-01 00:41:51||265|
B01200|2019-01-01 00:58:13|2019-01-01 01:13:48||265|
B01231|2019-01-01 00:22:18|2019-01-01 00:26:35||265|
B01233         |2019-01-01 00:32:10|2019-01-01 00:40:49|32|3|
B01233         |2019-01-01 00:11:44|2019-01-01 00:23:24|81|254|
B01233         |2019-01-01 00:47:03|2019-01-01 01:14:16|51|81|
B01233         |2019-01-01 00:47:41|2019-01-01 01:04:53|81|259|
B01233         |2019-01-01 00:20:20|2019-01-01 00:32:04|254|81|
B01233         |2019-01-01 00:33:02|2019-01-01 00:47:15|254|254|
B01233         |2019-01-01 00:51:58|2019-01-01 01:10:00|81|254|
B01233         |2019-01-01 00:18:59|2019-01-01 00:35:04|51|51|
B01239|2019-01-01 00:00:44|2019-01-01 00:07:46||265|
B01239|2019-01-01 00:10:37|2019-01-01 00:26:19||265|
B01239|2019-01-01 00:23:43|2019-01-01 00:32:33||265|
B01239|2019-01-01 00:45:32|2019-01-01 01:01:02||265|
B01239|2019-01-01 00:15:59|2019-01-01 00:24:00||265|
B01239|2019-01-01 00:56:59|2019-01-01 01:02:15||265|
B01239|2019-01-01 00:25:08|2019-01-01 00:32:01||265|
B01239|2019-01-01 00:47:31|2019-01-01 01:10:15||265|
B01239|2019-01-01 00:52:56|2019-01-01 00:57:03||265|
B01239|2019-01-01 00:13:31|2019-01-01 00:19:55||265|
B01239|2019-01-01 00:34:06|2019-01-01 00:51:46||265|
B01239|2019-01-01 00:29:45|2019-01-01 00:41:49||265|
B01239|2019-01-01 00:49:22|2019-01-01 00:52:44||265|
B01239|2019-01-01 00:57:36|2019-01-01 01:11:59||265|
B01239|2019-01-01 00:51:11|2019-01-01 00:57:26||265|
B01239|2019-01-01 00:13:20|2019-01-01 00:34:35||265|
B01239|2019-01-01 00:00:38|2019-01-01 00:10:09||265|
B01239|2019-01-01 00:23:57|2019-01-01 00:40:00||265|
B01239|2019-01-01 00:56:58|2019-01-01 01:02:02||265|
B01239|2019-01-01 00:01:45|2019-01-01 00:09:13||265|
B01239|2019-01-01 00:53:15|2019-01-01 00:56:22||265|
B01239|2019-01-01 00:06:50|2019-01-01 00:18:17||265|
B01239|2019-01-01 00:42:05|2019-01-01 00:48:48||265|
B01239|2019-01-01 00:40:18|2019-01-01 00:51:18||265|
B01239|2019-01-01 00:34:00|2019-01-01 00:46:28||265|
B01239|2019-01-01 00:48:00|2019-01-01 01:07:03||265|
B01239|2019-01-01 00:14:52|2019-01-01 00:22:00||265|
B01239|2019-01-01 00:50:44|2019-01-01 00:56:08||265|
B01239|2019-01-01 00:35:58|2019-01-01 00:50:06||265|
B01239|2019-01-01 00:58:07|2019-01-01 01:27:20||265|
B01239|2019-01-01 00:47:08|2019-01-01 00:56:27||265|
B01239|2019-01-01 00:00:38|2019-01-01 00:03:49||265|
B01239|2019-01-01 00:23:39|2019-01-01 00:34:22||265|
B01239|2019-01-01 00:40:46|2019-01-01 00:52:49||265|
B01239|2019-01-01 00:57:52|2019-01-01 01:08:37||265|
B01239|2019-01-01 00:37:08|2019-01-01 00:41:49||265|
B01239|2019-01-01 00:46:48|2019-01-01 01:04:02||265|
B01239|2019-01-01 00:15:32|2019-01-01 00:48:57||265|
B01239|2019-01-01 00:18:38|2019-01-01 00:36:29||265|
B01239|2019-01-01 00:20:27|2019-01-01 00:27:57||265|
B01239|2019-01-01 00:42:03|2019-01-01 00:46:43||265|
B01239|2019-01-01 00:54:43|2019-01-01 00:59:51||265|
B01239|2019-01-01 00:30:45|2019-01-01 00:36:56||265|
B01239|2019-01-01 00:43:37|2019-01-01 00:56:01||265|
B01239|2019-01-01 00:18:05|2019-01-01 00:28:44||265|
B01239|2019-01-01 00:38:03|2019-01-01 01:06:08||265|
B01239|2019-01-01 00:39:43|2019-01-01 00:49:04||265|
B01239|2019-01-01 00:18:13|2019-01-01 00:22:53||265|
B01239|2019-01-01 00:31:59|2019-01-01 00:40:58||265|
B01239|2019-01-01 00:45:35|2019-01-01 00:49:45||265|
B01239|2019-01-01 00:25:35|2019-01-01 00:39:39||265|
B01239|2019-01-01 00:50:02|2019-01-01 01:05:11||265|
B01239|2019-01-01 00:09:18|2019-01-01 00:19:41||265|
B01239|2019-01-01 00:11:12|2019-01-01 00:17:21|||
B01239|2019-01-01 00:22:34|2019-01-01 00:39:05|||
B01239|2019-01-01 00:11:12|2019-01-01 00:17:21||265|
B01239|2019-01-01 00:22:34|2019-01-01 00:39:05||265|
B01239|2019-01-01 00:56:50|2019-01-01 01:13:25||265|
B01239|2019-01-01 00:08:58|2019-01-01 00:15:14||265|
B01239|2019-01-01 00:26:43|2019-01-01 00:45:23||265|
B01239|2019-01-01 00:20:24|2019-01-01 00:32:14||265|
B01239|2019-01-01 00:22:00|2019-01-01 00:32:45||265|
B01239|2019-01-01 00:41:28|2019-01-01 00:58:33||265|
B01239|2019-01-01 00:12:51|2019-01-01 00:26:33||265|
B01239|2019-01-01 00:36:47|2019-01-01 00:54:09||265|
B01239|2019-01-01 00:56:00|2019-01-01 00:59:29||265|
B01239|2019-01-01 00:02:47|2019-01-01 00:21:31||265|
B01239|2019-01-01 00:52:08|2019-01-01 01:28:22||265|
B01239|2019-01-01 00:08:00|2019-01-01 00:19:08||265|
B01239|2019-01-01 00:27:22|2019-01-01 00:36:18||265|
B01239|2019-01-01 00:25:32|2019-01-01 00:31:43||265|
B01239|2019-01-01 00:37:15|2019-01-01 00:40:45||265|
B01239|2019-01-01 00:49:31|2019-01-01 00:57:33||265|
B01259|2019-01-01 00:15:44|2019-01-01 00:20:34||265|
B01263|2019-01-01 00:40:50|2019-01-01 00:52:57||265|
B01285|2019-01-01 00:46:11|2019-01-01 01:01:29||265|
B01285|2019-01-01 00:05:29|2019-01-01 00:15:53||265|
B01285|2019-01-01 00:18:18|2019-01-01 00:25:23||265|
B01285|2019-01-01 00:30:43|2019-01-01 00:44:00||265|
B01285|2019-01-01 00:40:47|2019-01-01 00:52:15||265|
B01285|2019-01-01 00:24:04|2019-01-01 00:36:55||265|
B01285|2019-01-01 00:19:13|2019-01-01 00:34:07||265|
B01285|2019-01-01 00:38:19|2019-01-01 00:54:18||265|
B01285|2019-01-01 00:24:49|2019-01-01 01:42:31||265|
B01285|2019-01-01 00:24:42|2019-01-01 00:32:50||265|
B01285|2019-01-01 00:53:09|2019-01-01 01:00:41||265|
B01300|2019-01-01 00:07:10|2019-01-01 00:38:04|||
B01300|2019-01-01 00:43:10|2019-01-01 01:00:49|||
B01300|2019-01-01 00:52:08|2019-01-01 01:02:09|||
B01300|2019-01-01 00:02:58|2019-01-01 00:06:16|||
B01300|2019-01-01 00:11:14|2019-01-01 00:22:06|||
B01300|2019-01-01 00:07:23|2019-01-01 00:12:14|||
B01300|2019-01-01 00:18:53|2019-01-01 00:27:21|||
B01300|2019-01-01 00:29:59|2019-01-01 00:33:39|||
B01300|2019-01-01 00:29:14|2019-01-01 00:39:01|||
B01300|2019-01-01 00:43:43|2019-01-01 00:55:06|||
B01300|2019-01-01 00:15:38|2019-01-01 00:30:19|||
B01300|2019-01-01 00:33:44|2019-01-01 00:39:10|||
B01300|2019-01-01 00:44:44|2019-01-01 00:53:22|||
B01300|2019-01-01 00:04:15|2019-01-01 00:20:54|||
B01300|2019-01-01 00:27:09|2019-01-01 00:37:47|||
B01300|2019-01-01 00:19:14|2019-01-01 00:28:34|||
B01300|2019-01-01 00:33:08|2019-01-01 00:45:11|||
B01300|2019-01-01 00:39:04|2019-01-01 00:48:34|||
B01300|2019-01-01 00:55:45|2019-01-01 01:06:08|||
B01300|2019-01-01 00:31:49|2019-01-01 00:37:45|||
B01300|2019-01-01 00:47:27|2019-01-01 00:57:20|||
B01300|2019-01-01 00:02:10|2019-01-01 00:26:56|||
B01300|2019-01-01 00:04:13|2019-01-01 00:12:38|||
B01300|2019-01-01 00:34:20|2019-01-01 00:38:49|||
B01308|2019-01-01 00:20:00|2019-01-01 00:35:00|||
B01308|2019-01-01 00:49:00|2019-01-01 00:54:00|||
B01308|2019-01-01 00:42:00|2019-01-01 00:48:00|||
B01308|2019-01-01 00:48:00|2019-01-01 00:58:00|||
B01308|2019-01-01 00:17:00|2019-01-01 00:22:00|||
B01308|2019-01-01 00:31:00|2019-01-01 00:47:00|||
B01308|2019-01-01 00:37:00|2019-01-01 00:57:00|||
B01315|2019-01-01 00:02:52|2019-01-01 00:20:06||265|
B01315|2019-01-01 00:53:36|2019-01-01 01:08:57||265|
B01315|2019-01-01 00:03:33|2019-01-01 00:08:00||265|
B01315|2019-01-01 00:44:13|2019-01-01 00:47:39||265|
B01315|2019-01-01 00:19:00|2019-01-01 00:35:27||265|
B01315|2019-01-01 00:16:07|2019-01-01 00:27:54||265|
B01315|2019-01-01 00:04:28|2019-01-01 00:13:10||265|
B01315|2019-01-01 00:19:37|2019-01-01 00:52:45||265|
B01315|2019-01-01 00:04:11|2019-01-01 00:27:33||265|
B01315|2019-01-01 00:47:34|2019-01-01 00:52:05||265|
B01315|2019-01-01 00:57:25|2019-01-01 01:07:34||265|
B01315|2019-01-01 00:37:55|2019-01-01 00:43:52||265|
B01315|2019-01-01 00:57:16|2019-01-01 01:00:28||265|
B01318|2019-01-01 00:51:30|2019-01-01 01:06:51||265|
B01332|2019-01-01 00:30:53|2019-01-01 00:50:09|||
B01336|2019-01-01 00:30:00|2019-01-01 01:06:00|||
B01338|2019-01-01 00:12:45|2019-01-01 00:23:00||265|
B01338|2019-01-01 00:29:42|2019-01-01 00:36:17||265|
B01338|2019-01-01 00:40:20|2019-01-01 00:44:11||265|
B01338|2019-01-01 00:08:52|2019-01-01 00:31:22||265|
B01338|2019-01-01 00:07:43|2019-01-01 00:12:15||265|
B01338|2019-01-01 00:23:15|2019-01-01 00:31:13||265|
B01338|2019-01-01 00:40:37|2019-01-01 00:45:37||265|
B01338|2019-01-01 00:50:54|2019-01-01 01:01:15||265|
B01338|2019-01-01 00:08:59|2019-01-01 00:21:15||265|
B01338|2019-01-01 00:24:34|2019-01-01 00:36:48||265|
B01338|2019-01-01 00:56:15|2019-01-01 01:00:42||265|
B01338|2019-01-01 00:10:40|2019-01-01 00:28:59||265|
B01338|2019-01-01 00:42:20|2019-01-01 01:01:52||265|
B01338|2019-01-01 00:05:11|2019-01-01 00:10:07||265|
B01338|2019-01-01 00:17:29|2019-01-01 00:29:25||265|
B01338|2019-01-01 00:40:54|2019-01-01 00:49:50||265|
B01338|2019-01-01 00:37:33|2019-01-01 00:46:00||265|
B01338|2019-01-01 00:49:28|2019-01-01 01:04:28||265|
B01338|2019-01-01 00:23:35|2019-01-01 00:49:41||265|
B01338|2019-01-01 00:24:49|2019-01-01 00:38:16||265|
B01338|2019-01-01 00:43:54|2019-01-01 00:54:56||265|
B01338|2019-01-01 00:57:51|2019-01-01 01:52:16||265|
B01339|2019-01-01 00:28:12|2019-01-01 00:36:59||265|
B01339|2019-01-01 00:42:57|2019-01-01 00:57:36||265|
B01339|2019-01-01 00:00:56|2019-01-01 00:24:55||265|
B01339|2019-01-01 00:01:35|2019-01-01 00:18:01||265|
B01339|2019-01-01 00:42:17|2019-01-01 00:45:55||265|
B01339|2019-01-01 00:01:18|2019-01-01 00:09:17||265|
B01339|2019-01-01 00:12:42|2019-01-01 00:17:32||265|
B01339|2019-01-01 00:32:18|2019-01-01 01:14:19||265|
B01339|2019-01-01 00:28:35|2019-01-01 00:43:34||265|
B01339|2019-01-01 00:17:41|2019-01-01 00:26:49||265|
B01339|2019-01-01 00:36:38|2019-01-01 00:38:49||265|
B01339|2019-01-01 00:43:53|2019-01-01 00:59:16||265|
B01339|2019-01-01 00:34:45|2019-01-01 00:35:29||265|
B01339|2019-01-01 00:42:04|2019-01-01 00:52:34||265|
B01339|2019-01-01 00:08:19|2019-01-01 00:13:14||265|
B01339|2019-01-01 00:50:10|2019-01-01 00:52:30||265|
B01339|2019-01-01 00:56:47|2019-01-01 01:15:47||265|
B01339|2019-01-01 00:10:03|2019-01-01 00:15:57||265|
B01339|2019-01-01 00:26:04|2019-01-01 00:37:32||265|
B01339|2019-01-01 00:13:31|2019-01-01 00:20:46||265|
B01339|2019-01-01 00:46:59|2019-01-01 01:07:43||265|
B01339|2019-01-01 00:31:26|2019-01-01 00:32:53||265|
B01339|2019-01-01 00:44:56|2019-01-01 00:45:05||265|
B01339|2019-01-01 00:50:22|2019-01-01 01:25:25||265|
B01339|2019-01-01 00:37:20|2019-01-01 00:51:15||265|
B01339|2019-01-01 00:26:30|2019-01-01 00:27:50||265|
B01339|2019-01-01 00:51:41|2019-01-01 00:56:26||265|
B01340|2019-01-01 00:09:24|2019-01-01 00:20:38||0|
B01340|2019-01-01 00:11:23|2019-01-01 00:11:24||0|
B01340|2019-01-01 00:29:32|2019-01-01 00:29:33||0|
B01340|2019-01-01 00:01:54|2019-01-01 00:06:14||0|
B01340|2019-01-01 00:15:59|2019-01-01 00:27:28||0|
B01340|2019-01-01 00:42:35|2019-01-01 00:45:41||0|
B01340|2019-01-01 00:14:12|2019-01-01 00:25:04||0|
B01340|2019-01-01 00:54:44|2019-01-01 00:54:49||0|
B01340|2019-01-01 00:00:12|2019-01-01 00:13:45||0|
B01340|2019-01-01 00:19:37|2019-01-01 00:44:46||0|
B01340|2019-01-01 00:47:48|2019-01-01 00:48:52||0|
B01340|2019-01-01 00:34:15|2019-01-01 00:34:17||0|
B01341|2019-01-01 00:25:02|2019-01-01 00:40:47||265|
B01341|2019-01-01 00:53:50|2019-01-01 01:17:34||265|
B01341|2019-01-01 00:43:31|2019-01-01 01:11:37||265|
B01341|2019-01-01 00:31:25|2019-01-01 00:35:49||265|
B01341|2019-01-01 00:44:46|2019-01-01 00:51:05||265|
B01341|2019-01-01 00:51:47|2019-01-01 00:57:19||265|
B01349|2019-01-01 00:30:00|2019-01-01 01:00:00|||
B01362|2019-01-01 00:11:43|2019-01-01 00:24:02||265|
B01362|2019-01-01 00:30:33|2019-01-01 00:47:19||265|
B01362|2019-01-01 00:05:42|2019-01-01 00:10:51||265|
B01362|2019-01-01 00:23:04|2019-01-01 00:30:53||265|
B01392|2019-01-01 00:19:56|2019-01-01 00:26:51||265|
B01392|2019-01-01 00:52:45|2019-01-01 01:14:59||265|
B01392|2019-01-01 00:03:19|2019-01-01 00:09:20||265|
B01398|2019-01-01 00:20:00|2019-01-01 00:25:00|||
B01398|2019-01-01 00:25:00|2019-01-01 00:35:00|||
B01398|2019-01-01 00:00:00|2019-01-01 00:20:00|||
B01398|2019-01-01 00:35:00|2019-01-01 00:45:00|||
B01406|2019-01-01 00:06:44|2019-01-01 00:46:44||265|
B01406|2019-01-01 00:23:58|2019-01-01 01:05:00||265|
B01406|2019-01-01 00:17:59|2019-01-02 00:27:02||265|
B01406|2019-01-01 00:33:48|2019-01-01 01:00:34||265|
B01406|2019-01-01 00:16:49|2019-01-01 00:45:02||265|
B01406|2019-01-01 00:54:29|2019-01-01 01:21:23||265|
B01406|2019-01-01 00:33:49|2019-01-01 00:56:57||265|
B01406|2019-01-01 00:20:57|2019-01-01 00:58:38||265|
B01406|2019-01-01 00:38:26|2019-01-01 00:58:22||265|
B01406|2019-01-01 00:29:13|2019-01-01 00:56:31||265|
B01406|2019-01-01 00:18:35|2019-01-01 00:29:14||265|
B01406|2019-01-01 00:19:27|2019-01-01 00:56:02||265|
B01406|2019-01-01 00:55:44|2019-01-01 01:23:01||265|
B01406|2019-01-01 00:14:34|2019-01-01 00:24:15||265|
B01406|2019-01-01 00:02:07|2019-01-01 00:40:13||265|
B01406|2019-01-01 00:59:31|2019-01-01 01:25:20||265|
B01413|2019-01-01 00:19:25|2019-01-01 00:29:25||238|
B01413|2019-01-01 00:42:16|2019-01-01 01:09:36||263|
B01436|2019-01-01 00:01:27|2019-01-01 00:02:48||265|
B01436|2019-01-01 00:30:59|2019-01-01 00:31:12||265|
B01436|2019-01-01 00:50:43|2019-01-01 00:50:45||265|
B01437|2019-01-01 00:55:30|2019-01-01 01:20:55||265|
B01437|2019-01-01 00:24:51|2019-01-01 12:02:41||265|
B01437|2019-01-01 00:35:52|2019-01-01 00:48:31||265|
B01437|2019-01-01 00:55:18|2019-01-01 01:18:43||265|
B01437|2019-01-01 00:16:05|2019-01-01 00:20:45||265|
B01437|2019-01-01 00:40:35|2019-01-01 01:06:28||265|
B01437|2019-01-01 00:57:02|2019-01-01 01:12:13||265|
B01437|2019-01-01 00:12:48|2019-01-01 00:19:17||265|
B01437|2019-01-01 00:27:12|2019-01-01 00:35:28||265|
B01437|2019-01-01 00:45:29|2019-01-01 01:17:51||265|
B01437|2019-01-01 00:48:43|2019-01-01 01:00:12||265|
B01444|2019-01-01 00:05:00|2019-01-01 00:40:00|||
B01445|2019-01-01 00:28:00|2019-01-01 00:59:00|265|265|
B01445|2019-01-01 00:35:00|2019-01-01 01:38:00|265|265|
B01445|2019-01-01 00:21:00|2019-01-01 00:43:00|265|265|
B01445|2019-01-01 00:25:00|2019-01-01 01:00:00|265|265|
B01445|2019-01-01 00:27:00|2019-01-01 01:21:00|265|265|
B01445|2019-01-01 00:05:00|2019-01-01 00:43:00|265|265|
B01445|2019-01-01 00:07:00|2019-01-01 00:18:00|265|265|
B01445|2019-01-01 00:09:00|2019-01-01 00:26:00|265|265|
B01445|2019-01-01 00:11:00|2019-01-01 00:45:00|265|265|
B01445|2019-01-01 00:43:00|2019-01-01 01:42:00|265|265|
B01445|2019-01-01 00:54:00|2019-01-01 02:35:00|265|265|
B01445|2019-01-01 00:12:00|2019-01-01 00:39:00|265|265|
B01445|2019-01-01 00:31:00|2019-01-01 01:00:00|265|265|
B01445|2019-01-01 00:08:00|2019-01-01 00:18:00|265|265|
B01452|2019-01-01 00:10:00|2019-01-01 00:38:00|||
B01452|2019-01-01 00:13:00|2019-01-01 01:41:00|||
B01452|2019-01-01 00:30:00|2019-01-01 01:09:00|||
B01452|2019-01-01 00:55:00|2019-01-01 01:40:00|||
B01452|2019-01-01 00:46:00|2019-01-01 01:28:00|||
B01455|2019-01-01 00:11:18|2019-01-01 00:27:47||265|
B01455|2019-01-01 00:34:38|2019-01-01 00:39:29||265|
B01455|2019-01-01 00:49:59|2019-01-01 01:04:42||265|
B01455|2019-01-01 00:29:51|2019-01-01 00:36:42||265|
B01455|2019-01-01 00:54:25|2019-01-01 01:20:09||265|
B01455|2019-01-01 00:37:08|2019-01-01 00:58:55||265|
B01455|2019-01-01 00:35:24|2019-01-01 00:39:30||265|
B01455|2019-01-01 00:19:24|2019-01-01 00:24:55||265|
B01455|2019-01-01 00:46:01|2019-01-01 00:51:36||265|
B01455|2019-01-01 00:15:45|2019-01-01 00:19:07||265|
B01455|2019-01-01 00:36:29|2019-01-01 00:39:30||265|
B01455|2019-01-01 00:45:13|2019-01-01 00:48:33||265|
B01455|2019-01-01 00:01:25|2019-01-01 00:18:49||265|
B01455|2019-01-01 00:15:37|2019-01-01 00:19:38||265|
B01455|2019-01-01 00:33:16|2019-01-01 00:37:36||265|
B01455|2019-01-01 00:50:09|2019-01-01 00:54:17||265|
B01455|2019-01-01 00:09:22|2019-01-01 00:13:52||265|
B01455|2019-01-01 00:30:55|2019-01-01 00:35:44||265|
B01455|2019-01-01 00:17:47|2019-01-01 00:28:51||265|
B01469|2019-01-01 00:34:45|2019-01-01 01:01:16||265|
B01469|2019-01-01 00:34:13|2019-01-01 00:40:25||265|
B01482|2019-01-01 00:24:00|2019-01-01 00:31:00|||
B01482|2019-01-01 00:50:00|2019-01-01 01:11:00|||
B01485|2019-01-01 00:36:27|2019-01-01 00:57:15||265|
B01485|2019-01-01 00:21:03|2019-01-01 00:30:15||265|
B01485|2019-01-01 00:56:07|2019-01-01 01:07:39||265|
B01485|2019-01-01 00:18:39|2019-01-01 00:21:51||265|
B01485|2019-01-01 00:28:26|2019-01-01 00:33:24||265|
B01485|2019-01-01 00:55:28|2019-01-01 01:01:50||265|
B01485|2019-01-01 00:35:08|2019-01-01 00:41:04||265|
B01485|2019-01-01 00:22:15|2019-01-01 00:38:23||265|
B01485|2019-01-01 00:57:25|2019-01-01 01:16:28||265|
B01485|2019-01-01 00:09:35|2019-01-01 00:29:16||265|
B01485|2019-01-01 00:38:48|2019-01-01 01:26:19||265|
B01485|2019-01-01 00:34:04|2019-01-01 00:54:48||265|
B01485|2019-01-01 00:34:02|2019-01-01 00:48:45||265|
B01509|2019-01-01 00:28:33|2019-01-01 00:48:18||265|
B01509|2019-01-01 00:41:45|2019-01-01 00:45:58||265|
B01509|2019-01-01 00:20:00|2019-01-01 00:26:02||265|
B01509|2019-01-01 00:30:55|2019-01-01 00:40:53||265|
B01509|2019-01-01 00:14:09|2019-01-01 00:18:52||265|
B01509|2019-01-01 00:38:23|2019-01-01 00:52:43||265|
B01509|2019-01-01 00:17:54|2019-01-01 00:31:59||265|
B01509|2019-01-01 00:37:56|2019-01-01 00:53:41||265|
B01509|2019-01-01 00:26:12|2019-01-01 00:57:17||265|
B01509|2019-01-01 00:18:08|2019-01-01 00:25:46||265|
B01509|2019-01-01 00:41:40|2019-01-01 00:45:22||265|
B01509|2019-01-01 00:54:54|2019-01-01 00:59:11||265|
B01509|2019-01-01 00:41:00|2019-01-01 00:46:40||265|
B01509|2019-01-01 00:54:18|2019-01-01 01:02:31||265|
B01509|2019-01-01 00:16:01|2019-01-01 00:28:03||265|
B01509|2019-01-01 00:35:11|2019-01-01 00:40:10||265|
B01509|2019-01-01 00:47:48|2019-01-01 01:00:37||265|
B01509|2019-01-01 00:15:52|2019-01-01 00:21:28||265|
B01509|2019-01-01 00:48:58|2019-01-01 00:56:21||265|
B01509|2019-01-01 00:19:08|2019-01-01 00:30:59||265|
B01509|2019-01-01 00:37:11|2019-01-01 00:46:26||265|
B01509|2019-01-01 00:57:04|2019-01-01 01:36:41||265|
B01509|2019-01-01 00:00:51|2019-01-01 00:04:14||265|
B01509|2019-01-01 00:15:50|2019-01-01 00:21:35||265|
B01509|2019-01-01 00:32:20|2019-01-01 00:36:17||265|
B01509|2019-01-01 00:40:57|2019-01-01 00:49:13||265|
B01509|2019-01-01 00:15:02|2019-01-01 00:33:03||265|
B01509|2019-01-01 00:03:47|2019-01-01 00:09:41||265|
B01509|2019-01-01 00:18:32|2019-01-01 00:23:01||265|
B01509|2019-01-01 00:30:47|2019-01-01 00:42:28||265|
B01509|2019-01-01 00:50:53|2019-01-01 01:04:54||265|
B01509|2019-01-01 00:34:14|2019-01-01 00:39:35||265|
B01509|2019-01-01 00:58:25|2019-01-01 01:26:58||265|
B01509|2019-01-01 00:18:49|2019-01-01 00:48:30||265|
B01510|2019-01-01 00:27:34|2019-01-01 01:08:29|||
B01510|2019-01-01 00:26:26|2019-01-01 01:08:28|||
B01510|2019-01-01 00:55:33|2019-01-01 01:29:53|||
B01522|2019-01-01 00:52:46|2019-01-01 01:02:29||265|
B01529|2019-01-01 00:35:05|2019-01-01 00:57:48||265|
B01529|2019-01-01 00:08:02|2019-01-01 00:20:05||265|
B01529|2019-01-01 00:27:20|2019-01-01 00:51:25||265|
B01540|2019-01-01 00:02:02|2019-01-01 00:07:47||265|
B01540|2019-01-01 00:37:01|2019-01-01 01:04:05||265|
B01540|2019-01-01 00:20:53|2019-01-01 00:40:13||265|
B01540|2019-01-01 00:51:53|2019-01-01 01:07:20||265|
B01540|2019-01-01 00:15:37|2019-01-01 00:20:43||265|
B01540|2019-01-01 00:27:37|2019-01-01 00:35:36||265|
B01540|2019-01-01 00:28:00|2019-01-01 00:55:32||265|
B01540|2019-01-01 00:30:10|2019-01-01 00:36:07||265|
B01540|2019-01-01 00:52:12|2019-01-01 00:58:32||265|
B01540|2019-01-01 00:23:09|2019-01-01 00:56:25||265|
B01546|2019-01-01 00:10:00|2019-01-01 00:30:00|||
B01546|2019-01-01 00:50:00|2019-01-01 01:00:00|||
B01553|2019-01-01 00:24:35|2019-01-01 00:27:50||265|
B01553|2019-01-01 00:33:30|2019-01-01 00:40:15||265|
B01553|2019-01-01 00:47:48|2019-01-01 00:54:23||265|
B01553|2019-01-01 00:03:17|2019-01-01 00:06:52||265|
B01559|2019-01-01 00:50:35|2019-01-02 01:02:35|||
B01559|2019-01-01 00:28:11|2019-01-02 00:40:11|||
B01593|2019-01-01 00:34:07|2019-01-01 00:58:52|||
B01593|2019-01-01 00:13:29|2019-01-01 00:46:52|||
B01600|2019-01-01 00:47:00|2019-01-01 01:09:00|||
B01601|2019-01-01 00:28:00|2019-01-01 00:39:00|||
B01601|2019-01-01 00:52:00|2019-01-01 00:59:00|||
B01601|2019-01-01 00:27:00|2019-01-01 00:35:00|||
B01601|2019-01-01 00:39:00|2019-01-01 00:44:00|||
B01601|2019-01-01 00:53:00|2019-01-01 00:58:00|||
B01606|2019-01-01 00:11:17|2019-01-01 00:24:22||265|
B01606|2019-01-01 00:46:38|2019-01-01 00:47:36||265|
B01606|2019-01-01 00:55:03|2019-01-01 00:59:24||265|
B01606|2019-01-01 00:27:03|2019-01-01 01:51:55||265|
B01606|2019-01-01 00:27:54|2019-01-01 00:45:14||265|
B01606|2019-01-01 00:47:20|2019-01-01 01:04:26||265|
B01606|2019-01-01 00:11:57|2019-01-01 00:54:19||265|
B01606|2019-01-01 00:21:39|2019-01-01 00:28:14||265|
B01606|2019-01-01 00:30:16|2019-01-01 00:41:25||265|
B01606|2019-01-01 00:45:28|2019-01-01 00:52:01||265|
B01606|2019-01-01 00:57:47|2019-01-01 01:06:15||265|
B01626|2019-01-01 00:12:07|2019-01-01 00:37:59||265|
B01626|2019-01-01 00:52:35|2019-01-01 01:15:09||265|
B01626|2019-01-01 00:16:36|2019-01-01 19:53:53||265|
B01626|2019-01-01 00:07:13|2019-01-01 00:25:51||265|
B01626|2019-01-01 00:51:09|2019-01-01 00:59:01||265|
B01626|2019-01-01 00:01:19|2019-01-01 00:22:47||265|
B01626|2019-01-01 00:54:47|2019-01-01 01:26:11||265|
B01626|2019-01-01 00:22:35|2019-01-01 00:31:14||265|
B01626|2019-01-01 00:37:48|2019-01-01 00:44:07||265|
B01626|2019-01-01 00:22:18|2019-01-01 00:36:02||265|
B01626|2019-01-01 00:11:33|2019-01-01 00:18:17||265|
B01626|2019-01-01 00:27:12|2019-01-01 00:33:00||265|
B01626|2019-01-01 00:43:50|2019-01-01 00:53:25||265|
B01626|2019-01-01 00:57:20|2019-01-01 01:01:29||265|
B01626|2019-01-01 00:04:28|2019-01-01 00:24:47||265|
B01626|2019-01-01 00:43:32|2019-01-01 00:49:19||265|
B01626|2019-01-01 00:57:23|2019-01-01 01:01:41||265|
B01626|2019-01-01 00:13:19|2019-01-01 00:20:41||265|
B01626|2019-01-01 00:23:25|2019-01-01 00:32:59||265|
B01626|2019-01-01 00:36:19|2019-01-01 00:41:49||265|
B01626|2019-01-01 00:50:25|2019-01-01 00:53:32||265|
B01626|2019-01-01 00:56:18|2019-01-01 01:04:13||265|
B01626|2019-01-01 00:04:15|2019-01-01 00:14:42||265|
B01626|2019-01-01 00:25:03|2019-01-01 00:28:06||265|
B01626|2019-01-01 00:34:48|2019-01-01 00:41:50||265|
B01626|2019-01-01 00:47:21|2019-01-01 00:58:59||265|
B01626|2019-01-01 00:24:23|2019-01-01 00:32:18||265|
B01626|2019-01-01 00:24:19|2019-01-01 00:27:58||265|
B01626|2019-01-01 00:39:51|2019-01-01 00:44:17||265|
B01626|2019-01-01 00:50:56|2019-01-01 00:54:12||265|
B01639|2019-01-01 00:00:59|2019-01-01 00:17:30||265|
B01639|2019-01-01 00:45:49|2019-01-01 00:52:32||265|
B01639|2019-01-01 00:44:55|2019-01-01 01:00:00||265|
B01639|2019-01-01 00:21:40|2019-01-01 00:27:01||265|
B01639|2019-01-01 00:37:28|2019-01-01 00:48:54||265|
B01639|2019-01-01 00:12:22|2019-01-01 00:33:19||265|
B01639|2019-01-01 00:37:50|2019-01-01 01:00:13||265|
B01663|2019-01-01 00:06:45|2019-01-01 00:20:17||265|
B01663|2019-01-01 00:24:51|2019-01-01 00:31:03||265|
B01663|2019-01-01 00:39:23|2019-01-01 00:44:32||265|
B01663|2019-01-01 00:52:48|2019-01-01 01:06:16||265|
B01663|2019-01-01 00:34:35|2019-01-01 00:57:45||265|
B01663|2019-01-01 00:16:47|2019-01-01 00:29:11||265|
B01663|2019-01-01 00:36:20|2019-01-01 00:51:12||265|
B01663|2019-01-01 00:58:07|2019-01-01 01:15:06||265|
B01667|2019-01-01 00:14:31|2019-01-01 00:15:14||265|
B01667|2019-01-01 00:25:04|2019-01-01 00:37:24||265|
B01667|2019-01-01 00:51:08|2019-01-01 01:15:53||265|
B01667|2019-01-01 00:33:01|2019-01-01 00:46:02||265|
B01667|2019-01-01 00:06:41|2019-01-01 00:21:50||265|
B01667|2019-01-01 00:40:02|2019-01-01 00:57:04||265|
B01667|2019-01-01 00:06:30|2019-01-01 00:12:11||265|
B01667|2019-01-01 00:22:32|2019-01-01 00:37:08||265|
B01667|2019-01-01 00:53:40|2019-01-01 01:11:04||265|
B01667|2019-01-01 00:29:33|2019-01-01 00:56:09||265|
B01667|2019-01-01 00:46:33|2019-01-01 01:09:10||265|
B01667|2019-01-01 00:37:06|2019-01-01 00:39:31||265|
B01667|2019-01-01 00:52:27|2019-01-01 00:55:42||265|
B01667|2019-01-01 00:23:32|2019-01-01 00:53:49||265|
B01667|2019-01-01 00:30:46|2019-01-01 00:53:39||265|
B01667|2019-01-01 00:07:47|2019-01-01 00:26:57||265|
B01667|2019-01-01 00:26:01|2019-01-01 00:45:45||265|
B01667|2019-01-01 00:28:02|2019-01-01 00:37:32||265|
B01667|2019-01-01 00:16:10|2019-01-01 00:30:01||265|
B01667|2019-01-01 00:52:08|2019-01-01 01:09:44||265|
B01667|2019-01-01 00:08:42|2019-01-01 00:26:30||265|
B01667|2019-01-01 00:58:09|2019-01-01 01:08:32||265|
B01667|2019-01-01 00:26:34|2019-01-01 00:37:10||265|
B01667|2019-01-01 00:51:08|2019-01-01 01:30:03||265|
B01667|2019-01-01 00:08:31|2019-01-01 00:32:01||265|
B01667|2019-01-01 00:19:43|2019-01-01 00:23:55||265|
B01667|2019-01-01 00:20:03|2019-01-01 01:29:52||265|
B01667|2019-01-01 00:23:03|2019-01-01 00:48:02||265|
B01717|2019-01-01 00:36:22|2019-01-01 00:39:38||265|
B01717|2019-01-01 00:43:42|2019-01-01 00:52:44||265|
B01717|2019-01-01 00:42:32|2019-01-01 00:54:29||265|
B01717|2019-01-01 00:27:17|2019-01-01 00:44:06||265|
B01717|2019-01-01 00:10:19|2019-01-01 00:17:31||265|
B01717|2019-01-01 00:30:16|2019-01-01 00:35:28||265|
B01717|2019-01-01 00:40:17|2019-01-01 00:46:54||265|
B01717|2019-01-01 00:54:36|2019-01-01 01:09:44||265|
B01717|2019-01-01 00:15:31|2019-01-01 00:31:16||265|
B01717|2019-01-01 00:36:03|2019-01-01 00:48:08||265|
B01717|2019-01-01 00:57:39|2019-01-01 01:07:58||265|
B01717|2019-01-01 00:26:20|2019-01-01 00:51:40||265|
B01717|2019-01-01 00:22:35|2019-01-01 00:25:46||265|
B01717|2019-01-01 00:38:02|2019-01-01 00:52:06||265|
B01717|2019-01-01 00:13:51|2019-01-01 00:23:08||265|
B01717|2019-01-01 00:19:00|2019-01-01 00:31:55||265|
B01717|2019-01-01 00:23:59|2019-01-01 00:28:57||265|
B01717|2019-01-01 00:02:46|2019-01-01 00:13:50||265|
B01721|2019-01-01 00:22:27|2019-01-01 00:38:42||265|
B01726|2019-01-01 00:57:50|2019-01-01 01:06:06||265|
B01726|2019-01-01 00:06:04|2019-01-01 00:09:42||265|
B01726|2019-01-01 00:28:04|2019-01-01 00:42:06||265|
B01726|2019-01-01 00:33:09|2019-01-01 00:37:07||265|
B01726|2019-01-01 00:52:53|2019-01-01 00:57:41||265|
B01726|2019-01-01 00:15:40|2019-01-01 00:21:15||265|
B01726|2019-01-01 00:59:41|2019-01-01 01:05:40||265|
B01726|2019-01-01 00:38:55|2019-01-01 00:55:04||265|
B01726|2019-01-01 00:22:23|2019-01-01 00:25:45||265|
B01726|2019-01-01 00:40:30|2019-01-01 00:46:41||265|
B01726|2019-01-01 00:11:53|2019-01-01 00:21:46||265|
B01726|2019-01-01 00:29:46|2019-01-01 00:32:51||265|
B01726|2019-01-01 00:40:36|2019-01-01 00:52:43||265|
B01726|2019-01-01 00:55:07|2019-01-01 01:07:40||265|
B01726|2019-01-01 00:19:25|2019-01-01 00:40:46||265|
B01726|2019-01-01 00:25:53|2019-01-01 00:48:52||265|
B01726|2019-01-01 00:54:58|2019-01-01 01:06:33||265|
B01726|2019-01-01 00:00:09|2019-01-01 00:13:34||265|
B01726|2019-01-01 00:20:11|2019-01-01 00:40:58||265|
B01726|2019-01-01 00:54:07|2019-01-01 01:08:11||265|
B01726|2019-01-01 00:23:40|2019-01-01 00:29:13||265|
B01730|2019-01-01 00:39:22|2019-01-01 00:51:16||0|
B01730|2019-01-01 00:57:35|2019-01-01 01:37:57||0|
B01730|2019-01-01 00:58:40|2019-01-01 01:23:37||0|
B01730|2019-01-01 00:39:03|2019-01-01 00:59:43||0|
B01730|2019-01-01 00:38:51|2019-01-01 00:59:47||0|
B01730|2019-01-01 00:57:09|2019-01-01 01:43:58||0|
B01730|2019-01-01 00:00:01|2019-01-01 00:21:10||0|
B01730|2019-01-01 00:15:28|2019-01-01 00:36:23||0|
B01730|2019-01-01 00:17:18|2019-01-01 00:41:30||0|
B01730|2019-01-01 00:38:26|2019-01-01 00:53:14||0|
B01738|2019-01-01 00:26:08|2019-01-01 00:40:47||265|
B01738|2019-01-01 00:58:08|2019-01-01 01:06:37||265|
B01742|2019-01-01 00:30:00|2019-01-01 01:19:42|||
B01768|2019-01-01 00:12:23|2019-01-01 00:12:32||265|
