2018-02-23 15:22:44.015|0000-0000-0353-3D35|darter60k
2018-02-23 15:22:44.015|0000-0000-0353-3D35|davidchofis
2018-02-23 15:22:44.015|0000-0000-0353-3D35|fabioviana
2018-02-23 15:22:44.015|0000-0000-0353-3D35|gorigokky
2018-02-23 15:22:44.015|0000-0000-0353-3D35|groebenzell
2018-02-23 15:22:44.015|0000-0000-0353-3D35|heikez
2018-02-23 15:22:44.015|0000-0000-0353-3D35|igatake0229
2018-02-23 15:22:44.015|0000-0000-0353-3D35|martiwish
2018-02-23 15:22:44.015|0000-0000-0353-3D35|risa.lll
2018-02-23 15:22:44.015|0000-0000-0353-3D35|SkooterBicuit
2018-02-23 15:22:44.015|0000-0000-0353-3D35|swimmer72
2018-02-23 15:22:44.015|0000-0000-0353-3D35|Thank_you.0039
2018-02-23 15:22:44.015|0000-0000-0353-3D35|ukgirl617
2018-03-02 09:46:27.847|0000-0000-035A-9F14|apabaez
2018-03-02 09:46:27.847|0000-0000-035A-9F14|eitogogo
2018-03-02 09:46:27.847|0000-0000-035A-9F14|eliatas112
2018-03-02 09:46:27.847|0000-0000-035A-9F14|eric321luis
2018-03-02 09:46:27.847|0000-0000-035A-9F14|haon.m
2018-03-02 09:46:27.847|0000-0000-035A-9F14|holstein_17
2018-03-02 09:46:27.847|0000-0000-035A-9F14|jlan6e
2018-03-02 09:46:27.847|0000-0000-035A-9F14|joexantonio
2018-03-02 09:46:27.847|0000-0000-035A-9F14|moonbear89
2018-03-02 09:46:27.847|0000-0000-035A-9F14|powerwill75
2018-03-02 09:46:27.847|0000-0000-035A-9F14|ricardogsaldana8
2018-03-02 09:46:27.847|0000-0000-035A-9F14|SeeManRun
2018-03-02 09:46:27.847|0000-0000-035A-9F14|tototomino
2017-12-18 14:47:47.489|0001-0000-0347-486A|alexflo59
2017-12-18 14:47:47.489|0001-0000-0347-486A|Andarious
2017-12-18 14:47:47.489|0001-0000-0347-486A|Bill214
2017-12-18 14:47:47.489|0001-0000-0347-486A|CalvoWan
2017-12-18 14:47:47.489|0001-0000-0347-486A|cat38690
2017-12-18 14:47:47.489|0001-0000-0347-486A|CHU-DONG
2017-12-18 14:47:47.489|0001-0000-0347-486A|Disrupt19
2018-03-01 08:55:56.232|0001-0000-0347-486A|galfazar37
2018-02-20 14:42:27.702|0001-0000-0347-486A|heppoko_yoichi
2017-12-18 14:47:47.489|0001-0000-0347-486A|ikerynere
2018-03-01 08:55:56.232|0001-0000-0347-486A|KENNTAau5_10
2017-12-18 14:47:47.489|0001-0000-0347-486A|ldtreff
2018-02-02 15:21:17.658|0001-0000-0347-486A|matheo88
2018-02-03 17:49:06.993|0001-0000-0347-486A|migueML
2017-12-18 14:47:47.489|0001-0000-0347-486A|mjohnson1978
2017-12-18 14:47:47.489|0001-0000-0347-486A|Moritzmon
2017-12-18 14:47:47.489|0001-0000-0347-486A|Mr_Cookies_13
2017-12-18 14:47:47.489|0001-0000-0347-486A|namix1207
2017-12-18 14:47:47.489|0001-0000-0347-486A|pkleinot
2017-12-18 14:47:47.489|0001-0000-0347-486A|raulcaba
2017-12-18 14:47:47.489|0001-0000-0347-486A|Retroboss00
2018-01-02 07:08:05.577|0001-0000-0347-486A|shakku1602
2017-12-18 14:47:47.489|0001-0000-0347-486A|Ties-niconico
2017-12-18 14:47:47.489|0001-0000-0347-486A|TORAKING-No.1
2017-12-18 14:47:47.489|0001-0000-0347-486A|vinca0310
2018-01-16 00:15:23.643|0001-0000-0347-486A|Westview99
2018-01-31 14:37:50.068|0001-0000-0347-486A|Winnie42
2017-12-18 14:47:48.878|0001-0000-0359-B3CD|809109
2017-12-18 14:47:48.878|0001-0000-0359-B3CD|BHcrew4708
2017-12-18 14:47:48.878|0001-0000-0359-B3CD|chechena-chan
2017-12-18 14:47:48.878|0001-0000-0359-B3CD|DJ2390
2017-12-18 14:47:48.878|0001-0000-0359-B3CD|fuji525
2017-12-18 14:47:48.878|0001-0000-0359-B3CD|mattyjake316
2017-12-18 14:47:48.878|0001-0000-0359-B3CD|Rotto_spla
2017-12-18 14:47:48.878|0001-0000-0359-B3CD|ryu18kou11
2017-12-18 14:47:48.878|0001-0000-0359-B3CD|sonnemann
2017-12-18 14:47:48.878|0001-0000-0359-B3CD|tahamerve200415
2017-12-18 14:47:48.878|0001-0000-0359-B3CD|Tugaeddy
2018-02-23 15:22:45.931|0002-0000-0328-E374|1112nick
2018-02-23 15:22:45.931|0002-0000-0328-E374|5375kjojiok59
2018-02-23 15:22:45.931|0002-0000-0328-E374|abundantjaguar
2018-02-23 15:22:45.931|0002-0000-0328-E374|Claudiagh
2018-02-23 15:22:45.931|0002-0000-0328-E374|Disney1977
2018-02-23 15:22:45.931|0002-0000-0328-E374|DukeX007X
2018-02-23 15:22:45.931|0002-0000-0328-E374|harukunharukun14
2018-02-23 15:22:45.931|0002-0000-0328-E374|ishindenshin217
2018-02-23 15:22:45.931|0002-0000-0328-E374|Jahooli4
2018-02-23 15:22:45.931|0002-0000-0328-E374|James780
2018-02-23 15:22:45.931|0002-0000-0328-E374|keesnetworkid001
2018-02-23 15:22:45.931|0002-0000-0328-E374|kidfury777
2018-02-23 15:22:45.931|0002-0000-0328-E374|kimi0418
2018-02-23 15:22:45.931|0002-0000-0328-E374|kopiuhy42nm96ljy
2018-02-23 15:22:45.931|0002-0000-0328-E374|KOSEI0727
2018-02-23 15:22:45.931|0002-0000-0328-E374|lili9888
2018-02-23 15:22:45.931|0002-0000-0328-E374|Liruru223
2018-02-23 15:22:45.931|0002-0000-0328-E374|lke200428
2018-02-23 15:22:45.931|0002-0000-0328-E374|mikdo3
2018-02-23 15:22:45.931|0002-0000-0328-E374|noahmazur
2018-02-23 15:22:45.931|0002-0000-0328-E374|OK_Commuter
2018-02-23 15:22:45.931|0002-0000-0328-E374|picklelorde
2018-02-23 15:22:45.931|0002-0000-0328-E374|prestonbarnhouse
2018-02-23 15:22:45.931|0002-0000-0328-E374|rmgl2014
2018-02-23 15:22:45.931|0002-0000-0328-E374|steveow
2018-02-23 15:22:45.931|0002-0000-0328-E374|Thomasleboss80
2018-02-23 15:22:45.931|0002-0000-0328-E374|TommyGun538
2018-02-23 15:22:45.931|0002-0000-0328-E374|Twan_Jonker
2018-02-23 15:22:45.931|0002-0000-0328-E374|yauyumisu
2018-02-23 15:22:45.931|0002-0000-0328-E374|yoshi161
2018-02-23 15:22:45.931|0002-0000-0328-E374|yumauma0507
2018-02-23 15:22:45.931|0002-0000-0328-E374|zeusmagnet
2018-02-23 15:22:45.931|0002-0000-0328-E374|zu-taka-max
2018-02-23 15:22:47.43|0002-0000-034F-8AF4|4Fenway
2018-02-23 15:22:47.43|0002-0000-034F-8AF4|adamdu60
2018-02-23 15:22:47.43|0002-0000-034F-8AF4|alexadriansoto
2018-02-23 15:22:47.43|0002-0000-034F-8AF4|ALLANGB
2018-02-23 15:22:47.43|0002-0000-034F-8AF4|cindyamanda12345
2018-02-23 15:22:47.43|0002-0000-034F-8AF4|DaddyCool2014
2018-02-23 15:22:47.43|0002-0000-034F-8AF4|eiji518karate
2018-02-23 15:22:47.43|0002-0000-034F-8AF4|feather07
2018-02-23 15:22:47.43|0002-0000-034F-8AF4|gaqetuggcgcbkhdh
2018-02-23 15:22:47.43|0002-0000-034F-8AF4|gordons5
2018-02-23 15:22:47.43|0002-0000-034F-8AF4|greenbaypackers
2018-02-23 15:22:47.43|0002-0000-034F-8AF4|grosbill
2018-02-23 15:22:47.43|0002-0000-034F-8AF4|hall_boys01
2018-02-23 15:22:47.43|0002-0000-034F-8AF4|Jay_kok
2018-02-23 15:22:47.43|0002-0000-034F-8AF4|Jonathan310102
2018-02-23 15:22:47.43|0002-0000-034F-8AF4|joysalerin
2018-02-23 15:22:47.43|0002-0000-034F-8AF4|ladariannathomas
2018-02-23 15:22:47.43|0002-0000-034F-8AF4|leclasheur2004
2018-02-23 15:22:47.43|0002-0000-034F-8AF4|miyusera2017
2018-02-23 15:22:47.43|0002-0000-034F-8AF4|nooninicola
2018-02-23 15:22:47.43|0002-0000-034F-8AF4|Qmoski
2018-02-23 15:22:47.43|0002-0000-034F-8AF4|stephenshiels
2018-02-23 15:22:47.43|0002-0000-034F-8AF4|t_atsushi0923
2018-02-23 15:22:47.43|0002-0000-034F-8AF4|tejadab
2018-02-23 15:22:47.43|0002-0000-034F-8AF4|TheJutra
2018-02-23 15:22:47.43|0002-0000-034F-8AF4|Thom2003
2018-02-23 15:22:47.43|0002-0000-034F-8AF4|tomnanz11
2017-12-18 14:47:50.721|0003-0000-030C-B9DE|A.Case
2017-12-18 14:47:50.721|0003-0000-030C-B9DE|Alduxs
2017-12-18 14:47:50.721|0003-0000-030C-B9DE|Antonio-207012
2017-12-18 14:47:50.721|0003-0000-030C-B9DE|baby_lexdog
2017-12-18 14:47:50.721|0003-0000-030C-B9DE|bball2010
2017-12-18 14:47:50.721|0003-0000-030C-B9DE|BeanieDoll
2017-12-18 14:47:50.721|0003-0000-030C-B9DE|bowser.scott
2018-01-02 07:08:07.576|0003-0000-030C-B9DE|chanjosh
2018-01-12 22:29:10.27|0003-0000-030C-B9DE|DAITI0202
2017-12-18 14:47:50.721|0003-0000-030C-B9DE|demonhunter47223
2017-12-18 14:47:50.721|0003-0000-030C-B9DE|DoctorFishbowl
2018-02-20 14:42:29.826|0003-0000-030C-B9DE|engora1
2017-12-18 14:47:50.721|0003-0000-030C-B9DE|Epeci1
2017-12-18 14:47:50.721|0003-0000-030C-B9DE|FARMERSHIRO
2017-12-18 14:47:50.721|0003-0000-030C-B9DE|FazerLazer
2017-12-18 14:47:50.721|0003-0000-030C-B9DE|Fentruck
2017-12-18 14:47:50.721|0003-0000-030C-B9DE|FieldFire36
2017-12-18 14:47:50.721|0003-0000-030C-B9DE|Flame84
2017-12-18 14:47:50.721|0003-0000-030C-B9DE|GreenIsGold
2017-12-18 14:47:50.721|0003-0000-030C-B9DE|guygaz
2017-12-18 14:47:50.721|0003-0000-030C-B9DE|hiroshi1104
2018-02-06 05:45:21.651|0003-0000-030C-B9DE|hodakanata3
2017-12-18 14:47:50.721|0003-0000-030C-B9DE|hotpancake123
2017-12-18 14:47:50.721|0003-0000-030C-B9DE|IchBinCool09
2017-12-18 14:47:50.721|0003-0000-030C-B9DE|jairo7
2017-12-18 14:47:50.721|0003-0000-030C-B9DE|jim823
2017-12-18 14:47:50.721|0003-0000-030C-B9DE|kanpi-c10
2017-12-18 14:47:50.721|0003-0000-030C-B9DE|KartWheel
2017-12-18 14:47:50.721|0003-0000-030C-B9DE|kevinuriel123456
2017-12-18 14:47:50.721|0003-0000-030C-B9DE|kouki8824
2018-02-04 03:42:04.106|0003-0000-030C-B9DE|koutanakahara
2017-12-18 14:47:50.721|0003-0000-030C-B9DE|laowang438
2017-12-18 14:47:50.721|0003-0000-030C-B9DE|lDEZH2017
2017-12-18 14:47:50.721|0003-0000-030C-B9DE|mariodjs
2017-12-18 14:47:50.721|0003-0000-030C-B9DE|McMisti
2017-12-18 14:47:50.721|0003-0000-030C-B9DE|monkeymuffin10
2017-12-18 14:47:50.721|0003-0000-030C-B9DE|nakamitidan
2018-01-02 22:11:07.171|0003-0000-030C-B9DE|N-chan6
2017-12-18 14:47:50.721|0003-0000-030C-B9DE|nitranger
2017-12-18 14:47:50.721|0003-0000-030C-B9DE|nolwennmercier
2017-12-18 14:47:50.721|0003-0000-030C-B9DE|ousousuke
2017-12-18 14:47:50.721|0003-0000-030C-B9DE|Pachi_The_Queen
2017-12-18 14:47:50.721|0003-0000-030C-B9DE|PianoMaster127
2017-12-18 14:47:50.721|0003-0000-030C-B9DE|Pumapuma-01
2017-12-18 14:47:50.721|0003-0000-030C-B9DE|ReinodeValencia
2017-12-18 14:47:50.721|0003-0000-030C-B9DE|REN9638
2017-12-18 14:47:50.721|0003-0000-030C-B9DE|rhondachelette
2017-12-18 14:47:50.721|0003-0000-030C-B9DE|rip1226
2018-01-02 07:08:07.576|0003-0000-030C-B9DE|rmjans
2017-12-18 14:47:50.721|0003-0000-030C-B9DE|Rulycan7
2017-12-18 14:47:50.721|0003-0000-030C-B9DE|senta1103
2017-12-18 14:47:50.721|0003-0000-030C-B9DE|Skychan1010
2017-12-18 14:47:50.721|0003-0000-030C-B9DE|ssgss0929
2017-12-18 14:47:50.721|0003-0000-030C-B9DE|superbrett408484
2017-12-18 14:47:50.721|0003-0000-030C-B9DE|taichi1801
2017-12-18 14:47:50.721|0003-0000-030C-B9DE|taka103a
2017-12-18 14:47:50.721|0003-0000-030C-B9DE|teh8610
2017-12-18 14:47:50.721|0003-0000-030C-B9DE|Thalmille
2017-12-18 14:47:50.721|0003-0000-030C-B9DE|Tomodachi-yt
2017-12-21 02:59:43.721|0003-0000-030C-B9DE|valery222
2017-12-18 14:47:50.721|0003-0000-030C-B9DE|Y.NAKAMURA000001
2017-12-18 14:47:50.721|0003-0000-030C-B9DE|yuga666
2017-12-18 14:47:50.721|0003-0000-030C-B9DE|yuka0077
2018-04-10 11:02:05.749|0003-0000-030C-B9DE|yumipiyo23
2017-12-18 14:47:50.721|0003-0000-030C-B9DE|yuri.mtd19
2017-12-18 14:47:50.721|0003-0000-030C-B9DE|yu-sa-kura-2001
2017-12-18 14:47:50.721|0003-0000-030C-B9DE|yuukaiaya
2017-12-18 14:47:50.721|0003-0000-030C-B9DE|yuya040248
2017-12-18 14:47:50.721|0003-0000-030C-B9DE|yu-ya.4536
2018-03-02 09:46:29.766|0003-0000-0343-6D59|0323takuya
2018-03-02 09:46:29.766|0003-0000-0343-6D59|826taku715
2018-04-10 11:02:05.263|0003-0000-0343-6D59|AfterDinnerMint
2018-03-02 09:46:29.766|0003-0000-0343-6D59|chayserp2008
2018-03-02 09:46:29.766|0003-0000-0343-6D59|DjG0907
2018-03-02 09:46:29.766|0003-0000-0343-6D59|Dparris
2018-03-02 09:46:29.766|0003-0000-0343-6D59|Duna00
2018-03-02 09:46:29.766|0003-0000-0343-6D59|EmmaEmsy
2018-03-02 09:46:29.766|0003-0000-0343-6D59|Funnijoker12
2018-03-02 09:46:29.766|0003-0000-0343-6D59|jhonny93
2018-03-02 09:46:29.766|0003-0000-0343-6D59|kotarou1005
2018-03-02 09:46:29.766|0003-0000-0343-6D59|kyliecupcake
2018-03-02 09:46:29.766|0003-0000-0343-6D59|Malik_honolulu
2018-03-02 09:46:29.766|0003-0000-0343-6D59|mecizeldec
2018-03-02 09:46:29.766|0003-0000-0343-6D59|MexicanMama83
2018-03-02 09:46:29.766|0003-0000-0343-6D59|Mr.PWOer
2018-03-02 09:46:29.766|0003-0000-0343-6D59|nathan5198
2018-03-02 09:46:29.766|0003-0000-0343-6D59|N-BARRY95
2018-04-10 11:02:05.263|0003-0000-0343-6D59|newo48
2018-03-02 09:46:29.766|0003-0000-0343-6D59|ocycheryl
2018-03-02 09:46:29.766|0003-0000-0343-6D59|Pokefan2098
2018-03-02 09:46:29.766|0003-0000-0343-6D59|reyrae718
2018-03-02 09:46:29.766|0003-0000-0343-6D59|sidonie16
2018-03-02 09:46:29.766|0003-0000-0343-6D59|swedxb
2018-03-02 09:46:29.766|0003-0000-0343-6D59|take-max7
2018-03-02 09:46:29.766|0003-0000-0343-6D59|ToBeLaZ4321
2018-03-02 09:46:29.766|0003-0000-0343-6D59|toothlessray
2018-03-02 09:46:29.766|0003-0000-0343-6D59|tsubaki_v
2018-04-10 11:02:05.263|0003-0000-0343-6D59|tsucchi-minkun
2018-03-02 09:46:29.766|0003-0000-0343-6D59|Tyler0307
2018-03-02 09:46:29.766|0003-0000-0343-6D59|willandjohn
2018-03-02 09:46:29.766|0003-0000-0343-6D59|yk9yk9
2018-03-02 09:46:31.504|0004-0000-032F-8A2E|0813smky
2018-03-02 09:46:31.504|0004-0000-032F-8A2E|agentofalucard
2018-03-02 09:46:31.504|0004-0000-032F-8A2E|BlueDoodle
2018-03-02 09:46:31.504|0004-0000-032F-8A2E|cammy258
2018-03-02 09:46:31.504|0004-0000-032F-8A2E|cena.hoti
2018-03-02 09:46:31.504|0004-0000-032F-8A2E|Conkerplaysgames
2018-03-02 09:46:31.504|0004-0000-032F-8A2E|elfballer
2018-03-02 09:46:31.504|0004-0000-032F-8A2E|gaaboo
2018-03-02 09:46:31.504|0004-0000-032F-8A2E|gamerboy72016
2018-03-02 09:46:31.504|0004-0000-032F-8A2E|GOKAIRIKI
2018-03-02 09:46:31.504|0004-0000-032F-8A2E|jonpaulokeeffe
2018-03-02 09:46:31.504|0004-0000-032F-8A2E|JUANFELIPEMEJIA
2018-03-02 09:46:31.504|0004-0000-032F-8A2E|jwolf2655
2018-03-02 09:46:31.504|0004-0000-032F-8A2E|kikobass55
2018-03-02 09:46:31.504|0004-0000-032F-8A2E|K.YUZUMAX
2018-03-02 09:46:31.504|0004-0000-032F-8A2E|marlui3dworld
2018-03-02 09:46:31.504|0004-0000-032F-8A2E|nick2006leon
2018-03-02 09:46:31.504|0004-0000-032F-8A2E|oosyun06
2018-03-02 09:46:31.504|0004-0000-032F-8A2E|Oscarrubik27
2018-03-02 09:46:31.504|0004-0000-032F-8A2E|R1VERM
2018-03-02 09:46:31.504|0004-0000-032F-8A2E|ren-00mi
2018-03-02 09:46:31.504|0004-0000-032F-8A2E|tfcash03
2018-03-02 09:46:31.504|0004-0000-032F-8A2E|thomaspros
2018-03-02 09:46:31.504|0004-0000-032F-8A2E|timpolson
2018-03-02 09:46:31.504|0004-0000-032F-8A2E|XxNinjaKnife3xX
2018-03-02 09:46:31.504|0004-0000-032F-8A2E|yamaguchi14779
2017-12-18 14:47:52.16|0004-0000-0333-88D7|831yoshi
2017-12-18 14:47:52.16|0004-0000-0333-88D7|apoc_ze
2017-12-18 14:47:52.16|0004-0000-0333-88D7|calamar01
2017-12-18 14:47:52.16|0004-0000-0333-88D7|Cat-luby85
2017-12-18 14:47:52.16|0004-0000-0333-88D7|darkrobo48
2017-12-18 14:47:52.16|0004-0000-0333-88D7|h12-ryou-0630
2017-12-18 14:47:52.16|0004-0000-0333-88D7|hima0908k
2017-12-18 14:47:52.16|0004-0000-0333-88D7|Hypername
2017-12-18 14:47:52.16|0004-0000-0333-88D7|individual11
2017-12-18 14:47:52.16|0004-0000-0333-88D7|kamikiri1058
2018-04-10 11:02:07.757|0004-0000-0333-88D7|katsumi126
2017-12-18 14:47:52.16|0004-0000-0333-88D7|koyokoyokuuya
2018-04-10 11:02:07.757|0004-0000-0333-88D7|link0690
2017-12-18 14:47:52.16|0004-0000-0333-88D7|louis1322
2017-12-18 14:47:52.16|0004-0000-0333-88D7|Luigi57_13
2017-12-18 14:47:52.16|0004-0000-0333-88D7|nickrocks3
2017-12-18 14:47:52.16|0004-0000-0333-88D7|reochero
2018-04-10 11:02:07.757|0004-0000-0333-88D7|riokuntom3
2018-03-03 10:27:28|0004-0000-0333-88D7|royoleo
2018-04-10 11:02:07.757|0004-0000-0333-88D7|shirou2577
2018-03-01 08:56:00.682|0004-0000-0333-88D7|tomoyadengana
2017-12-18 14:47:52.16|0004-0000-0333-88D7|TwilightSparkle5
2017-12-18 14:47:52.16|0004-0000-0333-88D7|yazminromo.g
2018-02-23 14:38:30.952|0005-0000-0341-F132|114takumi
2018-02-23 14:38:30.952|0005-0000-0341-F132|apeminkie
2018-02-23 14:38:30.952|0005-0000-0341-F132|batguy47
2018-02-23 14:38:30.952|0005-0000-0341-F132|Demon_COL
2018-02-23 14:38:30.952|0005-0000-0341-F132|DiegoGudino
2018-02-23 14:38:30.952|0005-0000-0341-F132|goto1026
2018-02-23 14:38:30.952|0005-0000-0341-F132|jayvin28
2018-02-23 14:38:30.952|0005-0000-0341-F132|ko-chan.1206
2018-02-23 14:38:30.952|0005-0000-0341-F132|lawsonkerry
2018-02-23 14:38:30.952|0005-0000-0341-F132|Lionhimmer
2018-02-23 14:38:30.952|0005-0000-0341-F132|makko232004
2018-02-23 14:38:30.952|0005-0000-0341-F132|mayuyumylove
2018-03-01 08:55:55.667|0005-0000-0341-F132|mdalton10
2018-02-23 14:38:30.952|0005-0000-0341-F132|outa1027
2018-02-23 14:38:30.952|0005-0000-0341-F132|peachears2
2018-03-01 18:55:30.055|0005-0000-0341-F132|punk_ACE89
2018-02-23 14:38:30.952|0005-0000-0341-F132|rickyenri
2018-02-23 14:38:30.952|0005-0000-0341-F132|rikinko2
2018-02-23 14:38:30.952|0005-0000-0341-F132|rodlopez7
2018-02-23 14:38:30.952|0005-0000-0341-F132|rudyduck
2018-02-23 14:38:30.952|0005-0000-0341-F132|sammyjoe007
2018-02-23 14:38:30.952|0005-0000-0341-F132|shi1518
2018-02-23 14:38:30.952|0005-0000-0341-F132|SONGOKU-MEIJIN
2018-02-23 14:38:30.952|0005-0000-0341-F132|theawesomedudeOG
2018-02-23 14:38:30.952|0005-0000-0341-F132|Topaz1112
2018-02-23 14:38:30.952|0005-0000-0341-F132|underland1129
2018-02-23 14:38:30.952|0005-0000-0341-F132|xoxos2902
2018-02-23 14:38:30.952|0005-0000-0341-F132|Zakaria333
2017-12-18 14:47:54.141|0006-0000-0327-2AA0|123098iopmjgd
2017-12-18 14:47:54.141|0006-0000-0327-2AA0|1852SOUTA
2017-12-18 14:47:54.141|0006-0000-0327-2AA0|5150roadstar
2017-12-18 14:47:54.141|0006-0000-0327-2AA0|badgirl896
2017-12-18 14:47:54.141|0006-0000-0327-2AA0|belgirl5
2017-12-18 14:47:54.141|0006-0000-0327-2AA0|BigmanQ31
2017-12-18 14:47:54.141|0006-0000-0327-2AA0|cieloytierra
2017-12-18 14:47:54.141|0006-0000-0327-2AA0|DoctorMew01
2017-12-18 14:47:54.141|0006-0000-0327-2AA0|d.yutakazu
2017-12-18 14:47:54.141|0006-0000-0327-2AA0|fitzjarrald91
2018-03-12 19:24:07.358|0006-0000-0327-2AA0|hunterjok
2017-12-18 14:47:54.141|0006-0000-0327-2AA0|igor338
2018-02-08 14:00:16.324|0006-0000-0327-2AA0|ironmike1093
2017-12-18 14:47:54.141|0006-0000-0327-2AA0|itsmedrk
2017-12-18 14:47:54.141|0006-0000-0327-2AA0|JimmyJOrtiz
2017-12-18 14:47:54.141|0006-0000-0327-2AA0|JMI-FUJI
2017-12-18 14:47:54.141|0006-0000-0327-2AA0|JWA2002
2017-12-18 14:47:54.141|0006-0000-0327-2AA0|lapizin
2017-12-18 14:47:54.141|0006-0000-0327-2AA0|marove
2017-12-18 14:47:54.141|0006-0000-0327-2AA0|MattyPSX
2017-12-18 14:47:54.141|0006-0000-0327-2AA0|Megathobi
2017-12-18 14:47:54.141|0006-0000-0327-2AA0|MisterGuy007
2018-04-10 11:02:09.375|0006-0000-0327-2AA0|Nemmesys
2017-12-18 14:47:54.141|0006-0000-0327-2AA0|potetobudou
2017-12-18 14:47:54.141|0006-0000-0327-2AA0|PrincessCoco2
2017-12-18 14:47:54.141|0006-0000-0327-2AA0|regankendal
2018-04-10 11:02:09.375|0006-0000-0327-2AA0|Rinta1223
2018-03-05 21:20:40.931|0006-0000-0327-2AA0|RodOfPurity
2017-12-18 14:47:54.141|0006-0000-0327-2AA0|SAKAMOTO710156
2017-12-18 14:47:54.141|0006-0000-0327-2AA0|simone21decicco
2017-12-18 14:47:54.141|0006-0000-0327-2AA0|smother123
2018-02-04 18:31:30.882|0006-0000-0327-2AA0|TheMetzgers
2018-02-20 14:42:33.338|0006-0000-0327-2AA0|vksg23
2017-12-18 14:47:54.141|0006-0000-0327-2AA0|wakana_081122
2017-12-18 14:47:54.141|0006-0000-0327-2AA0|yuuya-mari0308
2018-03-02 16:05:48.173|0006-0000-0327-2AA0|zombyklr
2018-03-02 09:46:33.357|0006-0000-033E-DDEE|aaa543210
2018-03-02 09:46:33.357|0006-0000-033E-DDEE|amane.sleepy
2018-03-02 09:46:33.357|0006-0000-033E-DDEE|Avery-Jedi
2018-03-02 09:46:33.357|0006-0000-033E-DDEE|Bobyjr1738
2018-03-02 09:46:33.357|0006-0000-033E-DDEE|borrego9001
2018-03-02 09:46:33.357|0006-0000-033E-DDEE|bryanator6
2018-04-10 11:02:07.702|0006-0000-033E-DDEE|busterboy16
2018-03-02 09:46:33.357|0006-0000-033E-DDEE|eljax23
2018-03-02 09:46:33.357|0006-0000-033E-DDEE|greg1234
2018-03-02 09:46:33.357|0006-0000-033E-DDEE|INUIZUMI
2018-03-02 09:46:33.357|0006-0000-033E-DDEE|inventorh2o
2018-03-02 09:46:33.357|0006-0000-033E-DDEE|juelz2210
2018-03-02 09:46:33.357|0006-0000-033E-DDEE|kletterprofi
2018-03-02 09:46:33.357|0006-0000-033E-DDEE|kumanoboss9
2018-03-02 09:46:33.357|0006-0000-033E-DDEE|lightingroller
2018-03-02 09:46:33.357|0006-0000-033E-DDEE|madbratz
2018-03-02 09:46:33.357|0006-0000-033E-DDEE|matsuno1183
2018-03-02 09:46:33.357|0006-0000-033E-DDEE|Merl1lenQleur
2018-03-02 09:46:33.357|0006-0000-033E-DDEE|minniepeach
2018-03-02 09:46:33.357|0006-0000-033E-DDEE|Pardob
2018-03-02 09:46:33.357|0006-0000-033E-DDEE|Pelayo999
2018-03-02 09:46:33.357|0006-0000-033E-DDEE|rayj6644
2018-03-02 09:46:33.357|0006-0000-033E-DDEE|sab0fro
2018-03-02 09:46:33.357|0006-0000-033E-DDEE|SORAHARU1002
2018-03-02 09:46:33.357|0006-0000-033E-DDEE|Sternensammler
2018-03-02 09:46:33.357|0006-0000-033E-DDEE|SuperBurrito563
2018-03-02 09:46:33.357|0006-0000-033E-DDEE|tbt-Rin
2018-03-02 09:46:33.357|0006-0000-033E-DDEE|ThePeanut
2018-03-02 09:46:33.357|0006-0000-033E-DDEE|TomoyaMaekawa
2018-03-02 09:46:33.357|0006-0000-033E-DDEE|Xxzarmon
2018-02-23 14:38:32.542|0006-0000-034F-EA97|ayanaokou
2018-02-23 14:38:32.542|0006-0000-034F-EA97|cowly2
2018-02-23 14:38:32.542|0006-0000-034F-EA97|enzoj66
2018-02-23 14:38:32.542|0006-0000-034F-EA97|Gray_Toast
2018-02-23 14:38:32.542|0006-0000-034F-EA97|hajime-4493
2018-02-23 14:38:32.542|0006-0000-034F-EA97|mathis27940
2018-02-23 14:38:32.542|0006-0000-034F-EA97|Penguinlover643
2018-02-23 14:38:32.542|0006-0000-034F-EA97|qingshou
2018-02-23 14:38:32.542|0006-0000-034F-EA97|ryouya1119
2018-02-23 14:38:32.542|0006-0000-034F-EA97|sharandip
2018-02-23 14:38:32.542|0006-0000-034F-EA97|shaynenewaynene
2018-03-02 09:46:35.236|0009-0000-034D-B7CF|aipom98
2018-03-02 09:46:35.236|0009-0000-034D-B7CF|anjelito312
2018-03-02 09:46:35.236|0009-0000-034D-B7CF|BadassDani
2018-03-02 09:46:35.236|0009-0000-034D-B7CF|Bigysz
2018-03-02 09:46:35.236|0009-0000-034D-B7CF|Bill53-97
2018-03-02 09:46:35.236|0009-0000-034D-B7CF|chopper963
2018-03-02 09:46:35.236|0009-0000-034D-B7CF|Dazice
2018-03-02 09:46:35.236|0009-0000-034D-B7CF|ddbear08
2018-03-02 09:46:35.236|0009-0000-034D-B7CF|Everhartmitch
2018-03-02 09:46:35.236|0009-0000-034D-B7CF|finefly
2018-03-02 09:46:35.236|0009-0000-034D-B7CF|gradystack
2018-03-02 09:46:35.236|0009-0000-034D-B7CF|jeffshaw1995
2018-03-02 09:46:35.236|0009-0000-034D-B7CF|joejoelion
2018-03-02 09:46:35.236|0009-0000-034D-B7CF|josharmour
2018-03-02 09:46:35.236|0009-0000-034D-B7CF|kitaya1977
2018-03-02 09:46:35.236|0009-0000-034D-B7CF|komusyan0508
2018-03-02 09:46:35.236|0009-0000-034D-B7CF|LJJBERRIOS
2018-03-02 09:46:35.236|0009-0000-034D-B7CF|maxenceguilluy
2018-03-02 09:46:35.236|0009-0000-034D-B7CF|miyahara7201
2018-03-02 09:46:35.236|0009-0000-034D-B7CF|murphyx5
2018-03-02 09:46:35.236|0009-0000-034D-B7CF|MysticSonGohan
2018-03-02 09:46:35.236|0009-0000-034D-B7CF|ozbabanet1
2018-03-02 09:46:35.236|0009-0000-034D-B7CF|purplestars02
2018-03-02 09:46:35.236|0009-0000-034D-B7CF|rcs725
2018-04-10 11:02:09.461|0009-0000-034D-B7CF|RYO.SHUTO
2018-03-02 09:46:35.236|0009-0000-034D-B7CF|shin423
2018-03-02 09:46:35.236|0009-0000-034D-B7CF|smwk_mai7
2018-03-02 09:46:35.236|0009-0000-034D-B7CF|TinaDale1975
2018-03-02 09:46:35.236|0009-0000-034D-B7CF|tobythomas13
2018-03-02 09:46:35.236|0009-0000-034D-B7CF|tonkatsu8810
2018-03-02 09:46:35.236|0009-0000-034D-B7CF|tonko1125
2018-03-02 09:46:35.236|0009-0000-034D-B7CF|VollBasic
2018-03-02 09:46:35.236|0009-0000-034D-B7CF|XanMan2002
2018-03-02 09:46:35.236|0009-0000-034D-B7CF|yukina19ooo118
2017-12-18 14:47:55.549|000A-0000-0340-14B0|alucardmac
2017-12-18 14:47:55.549|000A-0000-0340-14B0|baconbits0422
2017-12-18 14:47:55.549|000A-0000-0340-14B0|battershaw
2017-12-18 14:47:55.549|000A-0000-0340-14B0|Destroyah615
2017-12-18 14:47:55.549|000A-0000-0340-14B0|FireDragonXE
2017-12-18 14:47:55.549|000A-0000-0340-14B0|folgore77
2017-12-18 14:47:55.549|000A-0000-0340-14B0|haruhadu
2017-12-18 14:47:55.549|000A-0000-0340-14B0|ilyessmahhad
2017-12-18 14:47:55.549|000A-0000-0340-14B0|kurikota1222
2017-12-18 14:47:55.549|000A-0000-0340-14B0|Luketenat_L
2018-01-02 07:08:12.4|000A-0000-0340-14B0|macknlaci
2017-12-18 14:47:55.549|000A-0000-0340-14B0|mom2468abcd
2017-12-18 14:47:55.549|000A-0000-0340-14B0|Sorcerer766
2017-12-18 14:47:55.549|000A-0000-0340-14B0|soulshined
2017-12-18 14:47:55.549|000A-0000-0340-14B0|takkun512
2018-01-31 14:37:56.25|000A-0000-0340-14B0|zen-ak
2018-03-02 09:46:37.133|000B-0000-032E-B6B4|1uigiKid
2018-04-10 11:02:12.082|000B-0000-032E-B6B4|330118misako
2018-03-02 09:46:37.133|000B-0000-032E-B6B4|ayumi0611
2018-03-02 09:46:37.133|000B-0000-032E-B6B4|Carlotiti
2018-03-02 09:46:37.133|000B-0000-032E-B6B4|cheekymunkey78
2018-03-02 09:46:37.133|000B-0000-032E-B6B4|Chimchar41
2018-03-02 09:46:37.133|000B-0000-032E-B6B4|client
2018-03-02 09:46:37.133|000B-0000-032E-B6B4|cyborgtohchan
2018-04-10 11:02:12.082|000B-0000-032E-B6B4|davidcas26
2018-03-02 09:46:37.133|000B-0000-032E-B6B4|dieseljayson
2018-03-02 09:46:37.133|000B-0000-032E-B6B4|eddie7861
2018-03-02 09:46:37.133|000B-0000-032E-B6B4|febigatto
2018-03-02 09:46:37.133|000B-0000-032E-B6B4|greenbaypackers
2018-03-02 09:46:37.133|000B-0000-032E-B6B4|gyuigyui
2018-03-02 09:46:37.133|000B-0000-032E-B6B4|isabelng
2018-03-02 09:46:37.133|000B-0000-032E-B6B4|jensenfamii
2018-03-02 09:46:37.133|000B-0000-032E-B6B4|Jordan232345
2018-03-02 09:46:37.133|000B-0000-032E-B6B4|Jrex40
2018-03-02 09:46:37.133|000B-0000-032E-B6B4|juethom
2018-04-10 11:02:12.082|000B-0000-032E-B6B4|justmij
2018-03-02 09:46:37.133|000B-0000-032E-B6B4|ka2116
2018-03-02 09:46:37.133|000B-0000-032E-B6B4|lambros11
2018-03-02 09:46:37.133|000B-0000-032E-B6B4|mystichammerite
2018-03-02 09:46:37.133|000B-0000-032E-B6B4|newbie8888
2018-03-02 09:46:37.133|000B-0000-032E-B6B4|Ninitree
2018-03-02 09:46:37.133|000B-0000-032E-B6B4|oOclemOo
2018-03-02 09:46:37.133|000B-0000-032E-B6B4|Patopatolin
2018-03-02 09:46:37.133|000B-0000-032E-B6B4|Quader25
2018-03-02 09:46:37.133|000B-0000-032E-B6B4|qubetrader
2018-03-02 09:46:37.133|000B-0000-032E-B6B4|Rafaelcg
2018-03-02 09:46:37.133|000B-0000-032E-B6B4|RODSNAIDER
2018-03-02 09:46:37.133|000B-0000-032E-B6B4|SonicGTR123
2018-03-02 09:46:37.133|000B-0000-032E-B6B4|sumomo2017
2018-03-02 09:46:37.133|000B-0000-032E-B6B4|Tobi235
2018-03-02 09:46:37.133|000B-0000-032E-B6B4|yoinnex
2018-03-02 09:46:37.133|000B-0000-032E-B6B4|ZGAMER18
2018-02-23 14:38:34.006|000B-0000-035E-1D5C|alexandro79
2018-02-23 14:38:34.006|000B-0000-035E-1D5C|chiharu217
2018-02-23 14:38:34.006|000B-0000-035E-1D5C|coolstorybro1982
2018-02-23 14:38:34.006|000B-0000-035E-1D5C|davispaul34
2018-02-23 14:38:34.006|000B-0000-035E-1D5C|garvsn
2018-02-23 14:38:34.006|000B-0000-035E-1D5C|ijolson1234
2018-02-23 14:38:34.006|000B-0000-035E-1D5C|Imamufamily
2018-02-23 14:38:34.006|000B-0000-035E-1D5C|julking132
2018-02-23 14:38:34.006|000B-0000-035E-1D5C|marcrivera2005
2018-02-23 14:38:34.006|000B-0000-035E-1D5C|NancyScrancy
2018-02-23 14:38:34.006|000B-0000-035E-1D5C|ne-ne-san
2018-02-23 14:38:34.006|000B-0000-035E-1D5C|nolan60160
2018-02-23 14:38:34.006|000B-0000-035E-1D5C|PIDE_SASA
2018-02-23 14:38:34.006|000B-0000-035E-1D5C|Rockie_2005
2018-02-23 14:38:34.006|000B-0000-035E-1D5C|Romain_FYT
2018-02-23 14:38:34.006|000B-0000-035E-1D5C|ryodattya
2017-12-18 14:47:58.608|000D-0000-0343-66D1|ALousos
2018-02-23 14:38:34.006|000B-0000-035E-1D5C|ty13r-j0hn
2017-12-18 14:47:57.169|000C-0000-0337-AD00|3874im
2017-12-18 14:47:57.169|000C-0000-0337-AD00|bizmar
2017-12-18 14:47:57.169|000C-0000-0337-AD00|chelleybell414
2017-12-18 14:47:57.169|000C-0000-0337-AD00|ChicaChicle1
2017-12-18 14:47:57.169|000C-0000-0337-AD00|ike0120
2017-12-18 14:47:57.169|000C-0000-0337-AD00|imyourpony
2017-12-18 14:47:57.169|000C-0000-0337-AD00|itherrien
2017-12-18 14:47:57.169|000C-0000-0337-AD00|JZB_WII-U
2017-12-18 14:47:57.169|000C-0000-0337-AD00|kaaachimu2185
2017-12-18 14:47:57.169|000C-0000-0337-AD00|Lampenkopf
2017-12-18 14:47:57.169|000C-0000-0337-AD00|LegoNinja54
2017-12-18 14:47:57.169|000C-0000-0337-AD00|LongJumpWolf
2017-12-18 14:47:57.169|000C-0000-0337-AD00|lucas122707
2017-12-18 14:47:57.169|000C-0000-0337-AD00|machicraft13579
2017-12-18 14:47:57.169|000C-0000-0337-AD00|mogoth
2017-12-18 14:47:57.169|000C-0000-0337-AD00|Moo87Cow
2017-12-18 14:47:57.169|000C-0000-0337-AD00|mo-ryan1026
2017-12-18 14:47:57.169|000C-0000-0337-AD00|ndog777
2017-12-18 14:47:57.169|000C-0000-0337-AD00|picky-mo
2017-12-18 14:47:57.169|000C-0000-0337-AD00|sutikkunori
2017-12-18 14:47:57.169|000C-0000-0337-AD00|takeshi-fish
2017-12-18 14:47:57.169|000C-0000-0337-AD00|VictorBaymax2006
2018-03-02 09:46:39.119|000D-0000-0320-B613|abpeaches
2018-03-02 09:46:39.119|000D-0000-0320-B613|Alacramo
2018-03-02 09:46:39.119|000D-0000-0320-B613|arxhiyana8
2018-03-02 09:46:39.119|000D-0000-0320-B613|Carter1108
2018-03-02 09:46:39.119|000D-0000-0320-B613|fredinmd
2018-03-02 09:46:39.119|000D-0000-0320-B613|friice0807
2018-03-02 09:46:39.119|000D-0000-0320-B613|GenageS
2018-03-02 09:46:39.119|000D-0000-0320-B613|graysonart
2018-03-02 09:46:39.119|000D-0000-0320-B613|iceberg9
2018-04-10 11:02:13.519|000D-0000-0320-B613|isisyemilia
2018-03-02 09:46:39.119|000D-0000-0320-B613|Koop0_0
2018-03-02 09:46:39.119|000D-0000-0320-B613|MissCoquette
2018-03-02 09:46:39.119|000D-0000-0320-B613|Mr.Awesome023
2018-03-02 09:46:39.119|000D-0000-0320-B613|orange-0424
2018-03-02 09:46:39.119|000D-0000-0320-B613|pmcn1234
2018-03-02 09:46:39.119|000D-0000-0320-B613|raphton
2018-03-02 09:46:39.119|000D-0000-0320-B613|so-suke0103
2018-03-02 09:46:39.119|000D-0000-0320-B613|thisisdox
2018-03-02 09:46:39.119|000D-0000-0320-B613|Tychronos
2018-03-02 09:46:39.119|000D-0000-0320-B613|willben23
2018-03-02 09:46:39.119|000D-0000-0320-B613|x-REDEYE-x
2018-03-02 09:46:39.119|000D-0000-0320-B613|Yoshi0077-77
2018-03-02 09:46:40.75|000D-0000-032C-C49D|AN7TIRO
2018-03-02 09:46:40.75|000D-0000-032C-C49D|Artelogick
2018-03-02 09:46:40.75|000D-0000-032C-C49D|bresha78
2018-03-02 09:46:40.75|000D-0000-032C-C49D|Canaanite01
2018-03-02 09:46:40.75|000D-0000-032C-C49D|drewcurtis2000
2018-03-02 09:46:40.75|000D-0000-032C-C49D|Eagle2009
2018-03-02 09:46:40.75|000D-0000-032C-C49D|GID2657
2018-03-02 09:46:40.75|000D-0000-032C-C49D|HyperBuzzy
2018-03-02 09:46:40.75|000D-0000-032C-C49D|JHearne
2018-03-02 09:46:40.75|000D-0000-032C-C49D|k.aoi0209
2018-03-02 09:46:40.75|000D-0000-032C-C49D|mhilson
2018-03-02 09:46:40.75|000D-0000-032C-C49D|nikuaka4038
2018-03-02 09:46:40.75|000D-0000-032C-C49D|nyanbros145
2018-03-02 09:46:40.75|000D-0000-032C-C49D|okuno1646
2018-03-02 09:46:40.75|000D-0000-032C-C49D|Pisapon
2018-03-02 09:46:40.75|000D-0000-032C-C49D|pokeroho06
2018-03-02 09:46:40.75|000D-0000-032C-C49D|ProfAmaretto
2018-03-02 09:46:40.75|000D-0000-032C-C49D|profeetta
2018-03-02 09:46:40.75|000D-0000-032C-C49D|tara0722
2018-03-02 09:46:40.75|000D-0000-032C-C49D|varmit15
2018-03-02 09:46:40.75|000D-0000-032C-C49D|zborhauer
2017-12-18 14:47:58.608|000D-0000-0343-66D1|AKA-AKANA
2018-01-31 14:37:59.464|000D-0000-0343-66D1|alicia1807
2018-04-10 11:02:14.067|000D-0000-0343-66D1|Andrei1007
2017-12-18 14:47:58.608|000D-0000-0343-66D1|AnEndlessMaze
2017-12-18 14:47:58.608|000D-0000-0343-66D1|Bananenmann
2017-12-18 14:47:58.608|000D-0000-0343-66D1|Brotherhdofsmash
2017-12-18 14:47:58.608|000D-0000-0343-66D1|daisukenyan
2018-04-10 11:02:14.067|000D-0000-0343-66D1|dmcl27
2017-12-18 14:47:58.608|000D-0000-0343-66D1|DoomsSD
2018-02-21 01:38:56.281|000D-0000-0343-66D1|dragonfeeney
2018-02-20 14:42:37.979|000D-0000-0343-66D1|ediman09
2017-12-18 14:47:58.608|000D-0000-0343-66D1|FC-FKD.26.36
2018-04-10 11:02:14.067|000D-0000-0343-66D1|Flossy0705
2017-12-18 14:47:58.608|000D-0000-0343-66D1|gc00u2
2017-12-18 14:47:58.608|000D-0000-0343-66D1|Gold2232
2017-12-18 14:47:58.608|000D-0000-0343-66D1|Gonaki6854
2017-12-18 14:47:58.608|000D-0000-0343-66D1|GreenDragon640
2017-12-18 14:47:58.608|000D-0000-0343-66D1|guiyu90
2017-12-18 14:47:58.608|000D-0000-0343-66D1|honeytata
2017-12-21 06:07:06.301|000D-0000-0343-66D1|HvyMtlDrgn
2017-12-18 14:47:58.608|000D-0000-0343-66D1|iori-snow
2017-12-18 14:47:58.608|000D-0000-0343-66D1|jaydenbros1
2018-01-31 14:38:02.804|000E-0000-0331-2D8D|rui0987
2018-03-10 14:42:05.608|000D-0000-0343-66D1|Katouke0215
2018-03-07 10:36:15.019|000D-0000-0343-66D1|kazuo4
2017-12-18 14:47:58.608|000D-0000-0343-66D1|K.KEITO4649
2017-12-18 14:47:58.608|000D-0000-0343-66D1|Kluchy
2018-01-31 14:37:59.464|000D-0000-0343-66D1|kouji12.8
2018-01-10 17:29:28.21|000D-0000-0343-66D1|KurtisC93
2018-04-10 11:02:14.067|000D-0000-0343-66D1|L3m0n-J3ll0
2018-04-10 11:02:14.067|000D-0000-0343-66D1|lauratope27
2018-01-02 07:08:15.822|000D-0000-0343-66D1|LindsC17
2017-12-18 14:47:58.608|000D-0000-0343-66D1|luso453261
2018-02-20 14:42:37.979|000D-0000-0343-66D1|mage1129
2018-01-02 07:08:15.822|000D-0000-0343-66D1|Milciades
2018-03-07 05:34:26.299|000D-0000-0343-66D1|miyabispeed39
2017-12-18 14:47:58.608|000D-0000-0343-66D1|mouse619
2018-01-02 07:08:15.822|000D-0000-0343-66D1|mrarnold68
2017-12-18 14:47:58.608|000D-0000-0343-66D1|Munzhi
2017-12-18 14:47:58.608|000D-0000-0343-66D1|navegador.inter
2017-12-18 14:47:58.608|000D-0000-0343-66D1|Noah_man47
2017-12-18 14:47:58.608|000D-0000-0343-66D1|OmarLunaEsprz13
2017-12-18 14:47:58.608|000D-0000-0343-66D1|PaolaMCR
2017-12-18 14:47:58.608|000D-0000-0343-66D1|pepemanzanarez
2017-12-18 14:47:58.608|000D-0000-0343-66D1|piecetake
2017-12-18 14:47:58.608|000D-0000-0343-66D1|poi963poi
2017-12-18 14:47:58.608|000D-0000-0343-66D1|prolif
2018-02-20 14:42:37.979|000D-0000-0343-66D1|ProxyPython
2017-12-18 14:47:58.608|000D-0000-0343-66D1|Randomcap
2017-12-18 14:47:58.608|000D-0000-0343-66D1|raphael_inter
2018-03-04 13:28:58.466|000D-0000-0343-66D1|raulcorado
2018-01-02 07:08:15.822|000D-0000-0343-66D1|RUONPANDA
2017-12-18 14:47:58.608|000D-0000-0343-66D1|sirscotalot
2018-04-10 11:02:14.067|000D-0000-0343-66D1|soshiho18
2018-02-20 14:42:37.979|000D-0000-0343-66D1|supermariomaker7
2017-12-18 14:47:58.608|000D-0000-0343-66D1|syuuha
2017-12-18 14:47:58.608|000D-0000-0343-66D1|tactac6464
2017-12-18 14:47:58.608|000D-0000-0343-66D1|tatsuki13s
2017-12-18 14:47:58.608|000D-0000-0343-66D1|tom90wilson
2018-02-06 18:58:18.598|000D-0000-0343-66D1|yakoub05
2017-12-18 14:47:59.98|000D-0000-035E-0B6F|2003Kyosuke
2017-12-18 14:47:59.98|000D-0000-035E-0B6F|adan805
2017-12-18 14:47:59.98|000D-0000-035E-0B6F|amsurfer2014
2017-12-18 14:47:59.98|000D-0000-035E-0B6F|dellbox2
2018-04-10 11:02:15.461|000D-0000-035E-0B6F|dsdggfhg
2018-03-01 08:56:11.14|000D-0000-035E-0B6F|Elchingon19
2017-12-18 14:47:59.98|000D-0000-035E-0B6F|eliatas112
2018-03-01 08:56:11.14|000D-0000-035E-0B6F|GamerNater999999
2017-12-18 14:47:59.98|000D-0000-035E-0B6F|gijimenez5
2018-04-10 11:02:15.461|000D-0000-035E-0B6F|GlasterGage
2017-12-18 14:47:59.98|000D-0000-035E-0B6F|j-for-muyu
2018-04-10 11:02:15.461|000D-0000-035E-0B6F|JOHGALINDO
2018-03-13 16:01:24.468|000D-0000-035E-0B6F|LordGhirahimIII
2018-04-10 11:02:15.461|000D-0000-035E-0B6F|maddoxh2010
2017-12-18 14:47:59.98|000D-0000-035E-0B6F|mukimuki3140
2017-12-18 14:47:59.98|000D-0000-035E-0B6F|pookie139
2017-12-18 14:47:59.98|000D-0000-035E-0B6F|skylands08
2017-12-18 14:47:59.98|000D-0000-035E-0B6F|supernix453
2018-04-10 11:02:15.461|000D-0000-035E-0B6F|Tim-Niklas06
2017-12-18 14:47:59.98|000D-0000-035E-0B6F|Tobsicrafter
2018-04-10 11:02:15.461|000D-0000-035E-0B6F|tykys648
2017-12-18 14:47:59.98|000D-0000-035E-0B6F|Vinny22234
2017-12-18 14:47:59.98|000D-0000-035E-0B6F|zairea
2018-03-02 09:46:42.766|000D-0000-0365-DB81|aosona
2018-03-02 09:46:42.766|000D-0000-0365-DB81|AVERYwhited7
2018-03-02 09:46:42.766|000D-0000-0365-DB81|Benbrahim1
2018-03-02 09:46:42.766|000D-0000-0365-DB81|Budder9856
2018-03-02 09:46:42.766|000D-0000-0365-DB81|davcas59
2018-03-02 09:46:42.766|000D-0000-0365-DB81|devanski
2018-03-02 09:46:42.766|000D-0000-0365-DB81|Emilioisthebest
2018-03-02 09:46:42.766|000D-0000-0365-DB81|fabiian_sa
2018-03-02 09:46:42.766|000D-0000-0365-DB81|Gyllene_krona
2018-03-02 09:46:42.766|000D-0000-0365-DB81|heartypartymarty
2018-03-02 09:46:42.766|000D-0000-0365-DB81|J424548
2018-03-02 09:46:42.766|000D-0000-0365-DB81|jakartameiwa
2018-03-02 09:46:42.766|000D-0000-0365-DB81|jcssjscts
2018-03-02 09:46:42.766|000D-0000-0365-DB81|JourdynAllen255
2018-03-02 09:46:42.766|000D-0000-0365-DB81|keeen.07
2018-03-02 09:46:42.766|000D-0000-0365-DB81|ken53640
2018-03-02 09:46:42.766|000D-0000-0365-DB81|kusaba222
2018-03-02 09:46:42.766|000D-0000-0365-DB81|masayosi0302
2018-03-02 09:46:42.766|000D-0000-0365-DB81|mjsclan
2018-03-02 09:46:42.766|000D-0000-0365-DB81|OmegaAwesome123
2018-03-02 09:46:42.766|000D-0000-0365-DB81|pablo-gusano
2018-03-02 09:46:42.766|000D-0000-0365-DB81|papillox
2018-03-02 09:46:42.766|000D-0000-0365-DB81|Raoul1808-Gaming
2018-03-02 09:46:42.766|000D-0000-0365-DB81|ryezak
2018-03-02 09:46:42.766|000D-0000-0365-DB81|sawa5949
2018-03-02 09:46:42.766|000D-0000-0365-DB81|Sonic2406
2018-03-02 09:46:42.766|000D-0000-0365-DB81|ukita619
2018-03-02 09:46:42.766|000D-0000-0365-DB81|umeboshirui
2018-03-02 09:46:42.766|000D-0000-0365-DB81|wiiuMIZUKI
2018-03-02 09:46:42.766|000D-0000-0365-DB81|wolzard
2018-03-02 09:46:42.766|000D-0000-0365-DB81|yuna721masaya226
2018-03-02 09:46:42.766|000D-0000-0365-DB81|yuta.oga309
2017-12-18 14:48:02.654|000E-0000-0331-2D8D|0111hiy
2017-12-18 14:48:02.654|000E-0000-0331-2D8D|akibo-0915
2017-12-18 14:48:02.654|000E-0000-0331-2D8D|alexisp2005
2017-12-18 14:48:02.654|000E-0000-0331-2D8D|aomitsu2180
2017-12-18 14:48:02.654|000E-0000-0331-2D8D|arti81
2017-12-18 14:48:02.654|000E-0000-0331-2D8D|arunwiiu
2017-12-18 14:48:02.654|000E-0000-0331-2D8D|Avcurammeng
2017-12-18 14:48:02.654|000E-0000-0331-2D8D|backen26
2017-12-18 14:48:02.654|000E-0000-0331-2D8D|bargerfam.2.2015
2017-12-18 14:48:02.654|000E-0000-0331-2D8D|bee0386
2018-02-07 14:07:01.474|000E-0000-0331-2D8D|Boneshark71
2017-12-18 14:48:02.654|000E-0000-0331-2D8D|bosco2015
2017-12-18 14:48:02.654|000E-0000-0331-2D8D|bousbia
2017-12-18 14:48:02.654|000E-0000-0331-2D8D|bowrene1
2017-12-18 14:48:02.654|000E-0000-0331-2D8D|bradygoldman
2017-12-18 14:48:02.654|000E-0000-0331-2D8D|bulldog1979
2018-02-20 14:42:42.503|000E-0000-0331-2D8D|Butterfly2361
2017-12-18 14:48:02.654|000E-0000-0331-2D8D|CardcaptorGirl
2018-02-20 14:42:42.503|000E-0000-0331-2D8D|carldulac
2017-12-18 14:48:02.654|000E-0000-0331-2D8D|club3000
2017-12-18 14:48:02.654|000E-0000-0331-2D8D|clupper2015
2017-12-18 14:48:02.654|000E-0000-0331-2D8D|Conducteur59220
2017-12-18 14:48:02.654|000E-0000-0331-2D8D|cooperyoshi
2017-12-18 14:48:02.654|000E-0000-0331-2D8D|davidfernandez17
2017-12-18 14:48:02.654|000E-0000-0331-2D8D|Doddsyctd
2017-12-18 14:48:02.654|000E-0000-0331-2D8D|DommyScott
2017-12-18 14:48:02.654|000E-0000-0331-2D8D|Donato2005
2017-12-18 14:48:02.654|000E-0000-0331-2D8D|eaglein99
2017-12-18 14:48:02.654|000E-0000-0331-2D8D|Enrique85
2017-12-18 14:48:02.654|000E-0000-0331-2D8D|erikjesslily
2017-12-20 00:05:39.643|000E-0000-0331-2D8D|Express13
2018-02-22 16:17:54.077|000E-0000-0331-2D8D|Gallbart
2017-12-18 14:48:02.654|000E-0000-0331-2D8D|GAMERYAU
2017-12-18 14:48:02.654|000E-0000-0331-2D8D|goosechew
2018-02-20 14:42:42.503|000E-0000-0331-2D8D|Gpmccabe
2017-12-18 14:48:02.654|000E-0000-0331-2D8D|gvdrietje
2017-12-18 14:48:02.654|000E-0000-0331-2D8D|hakan3466
2017-12-18 14:48:02.654|000E-0000-0331-2D8D|halobrad
2017-12-18 14:48:02.654|000E-0000-0331-2D8D|hamloafy
2017-12-18 14:48:02.654|000E-0000-0331-2D8D|HighFivesToAll
2017-12-18 14:48:02.654|000E-0000-0331-2D8D|hinako-5656
2017-12-18 14:48:02.654|000E-0000-0331-2D8D|ipuipu
2018-02-22 16:17:54.077|000E-0000-0331-2D8D|JamieAustin
2017-12-18 14:48:02.654|000E-0000-0331-2D8D|JAYLAU9194
2017-12-18 14:48:02.654|000E-0000-0331-2D8D|Jaywiltee
2018-01-03 20:01:21.142|000E-0000-0331-2D8D|jgm5445
2018-02-20 14:42:42.503|000E-0000-0331-2D8D|john-paul2016
2018-04-10 11:02:18.78|000E-0000-0331-2D8D|JuggaloCuervo
2018-03-01 08:56:14.961|000E-0000-0331-2D8D|kanato0925
2017-12-18 14:48:02.654|000E-0000-0331-2D8D|kentyan2008
2017-12-18 14:48:02.654|000E-0000-0331-2D8D|KingString64
2017-12-18 14:48:02.654|000E-0000-0331-2D8D|kujak3
2017-12-18 14:48:02.654|000E-0000-0331-2D8D|kyougo125
2017-12-18 14:48:02.654|000E-0000-0331-2D8D|Lanceorin
2017-12-18 14:48:02.654|000E-0000-0331-2D8D|LarrytheLion5320
2018-04-10 11:02:18.78|000E-0000-0331-2D8D|leeboone
2018-01-31 14:38:02.804|000E-0000-0331-2D8D|lgugliotta
2017-12-18 14:48:02.654|000E-0000-0331-2D8D|LIDeveloper
2017-12-18 14:48:02.654|000E-0000-0331-2D8D|Lisa161718
2017-12-18 14:48:02.654|000E-0000-0331-2D8D|makentouta
2017-12-18 14:48:02.654|000E-0000-0331-2D8D|Mario1992
2018-01-31 14:38:02.804|000E-0000-0331-2D8D|mariobrosworld
2017-12-18 14:48:02.654|000E-0000-0331-2D8D|Mariomonkeys
2017-12-18 14:48:02.654|000E-0000-0331-2D8D|Mario-Sachin
2017-12-18 14:48:02.654|000E-0000-0331-2D8D|masakattin
2017-12-18 14:48:02.654|000E-0000-0331-2D8D|McSwagger1337
2018-04-10 11:02:18.78|000E-0000-0331-2D8D|medianne
2017-12-18 14:48:02.654|000E-0000-0331-2D8D|meganepanda3020
2017-12-18 14:48:02.654|000E-0000-0331-2D8D|meikougen
2018-02-20 14:42:42.503|000E-0000-0331-2D8D|mikugumi123
2018-02-20 14:42:42.503|000E-0000-0331-2D8D|mi-yu-yo.r
2018-02-20 14:42:42.503|000E-0000-0331-2D8D|monburan6
2017-12-18 14:48:02.654|000E-0000-0331-2D8D|mousie369
2018-03-03 20:30:20.994|000E-0000-0331-2D8D|NEWT82
2017-12-18 14:48:02.654|000E-0000-0331-2D8D|ngiannattasio
2017-12-18 14:48:02.654|000E-0000-0331-2D8D|novakey
2018-01-02 07:08:20.209|000E-0000-0331-2D8D|orlando2906
2017-12-18 14:48:02.654|000E-0000-0331-2D8D|Patty115
2017-12-18 14:48:02.654|000E-0000-0331-2D8D|Pikipata
2017-12-18 14:48:02.654|000E-0000-0331-2D8D|qingshou
2017-12-18 14:48:02.654|000E-0000-0331-2D8D|RAZI3L60
2017-12-18 14:48:02.654|000E-0000-0331-2D8D|ryuuki0612
2017-12-18 14:48:02.654|000E-0000-0331-2D8D|SaNicLoVEr678
2017-12-18 14:48:02.654|000E-0000-0331-2D8D|santiagomojicar8
2018-01-03 02:42:57.992|000E-0000-0331-2D8D|Schleichis
2017-12-18 14:48:02.654|000E-0000-0331-2D8D|SeanMcGee00
2017-12-18 14:48:02.654|000E-0000-0331-2D8D|sibicat
2017-12-18 14:48:02.654|000E-0000-0331-2D8D|skydog17
2017-12-18 14:48:02.654|000E-0000-0331-2D8D|splash1
2017-12-20 00:05:39.643|000E-0000-0331-2D8D|spongebobsanta
2017-12-18 14:48:02.654|000E-0000-0331-2D8D|ST3F_D
2017-12-18 14:48:02.654|000E-0000-0331-2D8D|Superarnamarc
2017-12-18 14:48:02.654|000E-0000-0331-2D8D|SuperEloi
2017-12-18 14:48:02.654|000E-0000-0331-2D8D|superhades06
2017-12-18 14:48:02.654|000E-0000-0331-2D8D|superpascu
2017-12-18 14:48:02.654|000E-0000-0331-2D8D|sutka12
2018-03-01 08:56:14.961|000E-0000-0331-2D8D|TAICHIN729
2017-12-18 14:48:02.654|000E-0000-0331-2D8D|tdi_tvrn
2017-12-18 14:48:02.654|000E-0000-0331-2D8D|tom.rolland.59
2017-12-18 14:48:02.654|000E-0000-0331-2D8D|topoboy08
2017-12-18 14:48:02.654|000E-0000-0331-2D8D|tototorori
2017-12-18 14:48:02.654|000E-0000-0331-2D8D|ValdoPR4
2017-12-18 14:48:02.654|000E-0000-0331-2D8D|vutang22
2017-12-18 14:48:02.654|000E-0000-0331-2D8D|yaboy231
2017-12-18 14:48:02.654|000E-0000-0331-2D8D|yukamasa_yoshi
2017-12-18 14:48:02.654|000E-0000-0331-2D8D|yu-yukisukisuki
2018-01-02 07:08:20.209|000E-0000-0331-2D8D|ZeusGoose04
2018-03-02 09:46:45.509|000E-0000-0331-FD04|33racer
2018-03-02 09:46:45.509|000E-0000-0331-FD04|66yudai
2018-03-02 09:46:45.509|000E-0000-0331-FD04|775241
2018-03-02 09:46:45.509|000E-0000-0331-FD04|ACGUY323
2018-03-02 09:46:45.509|000E-0000-0331-FD04|Alexis2012
2018-03-02 09:46:45.509|000E-0000-0331-FD04|aoto1960
2018-04-10 11:02:18.096|000E-0000-0331-FD04|carmycat
2018-03-02 09:46:45.509|000E-0000-0331-FD04|chemabts
2018-03-02 09:46:45.509|000E-0000-0331-FD04|cruz637
2018-03-02 09:46:45.509|000E-0000-0331-FD04|dubhlainn31
2018-03-02 09:46:45.509|000E-0000-0331-FD04|dytymid
2018-03-02 09:46:45.509|000E-0000-0331-FD04|elisacaprio
2018-03-02 09:46:45.509|000E-0000-0331-FD04|ElMagnifico721
2018-03-02 09:46:45.509|000E-0000-0331-FD04|emitpoe
2018-03-02 09:46:45.509|000E-0000-0331-FD04|engelboi
2018-03-02 09:46:45.509|000E-0000-0331-FD04|falkimore
2018-03-02 09:46:45.509|000E-0000-0331-FD04|fujiko103
2018-03-02 09:46:45.509|000E-0000-0331-FD04|gabriele.RAUCH
2018-03-02 09:46:45.509|000E-0000-0331-FD04|Gfrizz000
2018-03-02 09:46:45.509|000E-0000-0331-FD04|Goldenking23
2018-03-02 09:46:45.509|000E-0000-0331-FD04|grandbb
2018-03-02 09:46:45.509|000E-0000-0331-FD04|GReeeeNGReeeeN4
2018-03-02 09:46:45.509|000E-0000-0331-FD04|hugo3333
2018-03-02 09:46:45.509|000E-0000-0331-FD04|IRON_LIVER_78
2018-03-02 09:46:45.509|000E-0000-0331-FD04|Jason15934
2018-03-02 09:46:45.509|000E-0000-0331-FD04|lylia13
2018-03-02 09:46:45.509|000E-0000-0331-FD04|mapa0211
2018-03-02 09:46:45.509|000E-0000-0331-FD04|mariam8888
2018-03-02 09:46:45.509|000E-0000-0331-FD04|M_M-13D
2018-03-02 09:46:45.509|000E-0000-0331-FD04|MzSixSeventeen
2018-03-02 09:46:45.509|000E-0000-0331-FD04|nariken99
2018-03-02 09:46:45.509|000E-0000-0331-FD04|naririn86
2018-03-02 09:46:45.509|000E-0000-0331-FD04|nebaneba2345
2018-03-02 09:46:45.509|000E-0000-0331-FD04|nhcm1129
2018-03-02 09:46:45.509|000E-0000-0331-FD04|nin-e2
2018-03-02 09:46:45.509|000E-0000-0331-FD04|nitwit321100
2018-03-02 09:46:45.509|000E-0000-0331-FD04|nyanbros145
2018-03-02 09:46:45.509|000E-0000-0331-FD04|osa0822
2018-03-02 09:46:45.509|000E-0000-0331-FD04|pas02761
2018-03-02 09:46:45.509|000E-0000-0331-FD04|RagingCajun985
2018-03-02 09:46:45.509|000E-0000-0331-FD04|rentaro225
2018-03-02 09:46:45.509|000E-0000-0331-FD04|rikuNumi
2018-03-02 09:46:45.509|000E-0000-0331-FD04|rulodave
2018-03-02 09:46:45.509|000E-0000-0331-FD04|shrumfamily2006
2018-03-02 09:46:45.509|000E-0000-0331-FD04|sofyanis20114
2018-03-02 09:46:45.509|000E-0000-0331-FD04|soulaimane3579
2018-03-02 09:46:45.509|000E-0000-0331-FD04|SuperConnor64
2018-03-02 09:46:45.509|000E-0000-0331-FD04|Supermanmx
2018-03-02 09:46:45.509|000E-0000-0331-FD04|supersoann
2018-03-02 09:46:45.509|000E-0000-0331-FD04|syo-ko-natsu
2018-03-02 09:46:45.509|000E-0000-0331-FD04|thepacifist20130
2018-03-02 09:46:45.509|000E-0000-0331-FD04|tomorin0204ryou
2018-03-02 09:46:45.509|000E-0000-0331-FD04|Transformbot0268
2018-03-02 09:46:45.509|000E-0000-0331-FD04|XxwizardbattlexX
2018-03-02 09:46:45.509|000E-0000-0331-FD04|yu24-2
2018-03-02 09:46:45.509|000E-0000-0331-FD04|Yuka4027
2018-03-02 09:46:45.509|000E-0000-0331-FD04|yu-sho802
2018-02-23 14:38:35.413|000E-0000-035A-7FD7|256283
2018-02-23 14:38:35.413|000E-0000-035A-7FD7|centrum17
2018-02-23 14:38:35.413|000E-0000-035A-7FD7|coco2mazan
2018-02-23 14:38:35.413|000E-0000-035A-7FD7|Coombs68
2018-02-23 14:38:35.413|000E-0000-035A-7FD7|creeperking1919
2018-02-23 14:38:35.413|000E-0000-035A-7FD7|fdpyvjdk365
2018-02-23 14:38:35.413|000E-0000-035A-7FD7|GAELYOSHIS
2018-02-23 14:38:35.413|000E-0000-035A-7FD7|imoko900
2018-02-23 14:38:35.413|000E-0000-035A-7FD7|kairiokawa828
2018-02-23 14:38:35.413|000E-0000-035A-7FD7|Keiichied
2018-02-23 14:38:35.413|000E-0000-035A-7FD7|kouya.i
2018-02-23 14:38:35.413|000E-0000-035A-7FD7|mixel2
2018-02-23 14:38:35.413|000E-0000-035A-7FD7|mizuki201605
2018-02-23 14:38:35.413|000E-0000-035A-7FD7|pochui
2018-02-23 14:38:35.413|000E-0000-035A-7FD7|redwilson09
2018-02-23 14:38:35.413|000E-0000-035A-7FD7|ryu-k_k-2006-18
2018-02-23 14:38:35.413|000E-0000-035A-7FD7|ryuseina0513
2018-02-23 14:38:35.413|000E-0000-035A-7FD7|R.Z.Marcel
2018-02-23 14:38:35.413|000E-0000-035A-7FD7|sander.se
2018-02-23 14:38:35.413|000E-0000-035A-7FD7|syoukun1014
2018-02-23 14:38:35.413|000E-0000-035A-7FD7|tanakaseiya0511
2018-02-23 14:38:35.413|000E-0000-035A-7FD7|tmkhy-0977
2018-02-23 14:38:35.413|000E-0000-035A-7FD7|Toyo85
2018-02-23 14:38:35.413|000E-0000-035A-7FD7|yuan0929
2018-02-23 14:38:35.413|000E-0000-035A-7FD7|yutoeida
2018-02-23 14:38:35.413|000E-0000-035A-7FD7|yuzuki-ya
2018-03-02 09:46:47.227|000F-0000-0367-8657|brunnerlayla
2018-03-02 09:46:47.227|000F-0000-0367-8657|ddbndbbk4ever13
2018-03-02 09:46:47.227|000F-0000-0367-8657|derekmaker24
2018-03-02 09:46:47.227|000F-0000-0367-8657|hakkun156ha
2018-03-02 09:46:47.227|000F-0000-0367-8657|hanlee13
2018-03-02 09:46:47.227|000F-0000-0367-8657|ichikota0306
2018-03-02 09:46:47.227|000F-0000-0367-8657|k0uldeka
2018-03-02 09:46:47.227|000F-0000-0367-8657|koikekouta
2018-03-02 09:46:47.227|000F-0000-0367-8657|laowang438
2018-03-02 09:46:47.227|000F-0000-0367-8657|Lazyrich12
2018-03-07 17:31:53.349|000F-0000-0367-8657|lemonkittens
2018-04-10 11:02:19.295|000F-0000-0367-8657|MaJiNReD
2018-03-02 09:46:47.227|000F-0000-0367-8657|mamikuma1225
2018-03-02 09:46:47.227|000F-0000-0367-8657|moblyne
2018-03-02 09:46:47.227|000F-0000-0367-8657|MrNico59
2018-03-02 09:46:47.227|000F-0000-0367-8657|ou1219
2018-03-02 09:46:47.227|000F-0000-0367-8657|rakupapa
2018-03-02 09:46:47.227|000F-0000-0367-8657|revolv23
2018-04-10 11:02:19.295|000F-0000-0367-8657|RSGirl93
2018-03-12 03:17:22.364|000F-0000-0367-8657|tairyochan
2018-03-02 09:46:47.227|000F-0000-0367-8657|taisei042626
2018-03-02 09:46:47.227|000F-0000-0367-8657|Toaddk
2018-03-02 09:46:47.227|000F-0000-0367-8657|Tylano64
2018-03-02 09:46:47.227|000F-0000-0367-8657|Udo.Sommi
2018-03-02 09:46:47.227|000F-0000-0367-8657|xBlackRocko
2018-02-23 14:38:37.425|0010-0000-032F-2B64|2513_koudai
2018-02-23 14:38:37.425|0010-0000-032F-2B64|3023happy
2018-02-23 14:38:37.425|0010-0000-032F-2B64|Aendevik
2018-02-23 14:38:37.425|0010-0000-032F-2B64|Borders_03
2018-02-23 14:38:37.425|0010-0000-032F-2B64|ClassicalBarrel
2018-02-23 14:38:37.425|0010-0000-032F-2B64|felipelikan
2018-02-23 14:38:37.425|0010-0000-032F-2B64|funman23
2018-02-23 14:38:37.425|0010-0000-032F-2B64|gilluminate
2018-02-23 14:38:37.425|0010-0000-032F-2B64|Gsonic2011
2018-02-23 14:38:37.425|0010-0000-032F-2B64|joao234vip
2018-02-23 14:38:37.425|0010-0000-032F-2B64|Jozef-Lee
2018-02-23 14:38:37.425|0010-0000-032F-2B64|julipfeilstetter
2018-02-23 14:38:37.425|0010-0000-032F-2B64|kamenriderdenoh
2018-02-23 14:38:37.425|0010-0000-032F-2B64|kitkat125
2018-02-23 14:38:37.425|0010-0000-032F-2B64|koudai222813
2018-02-23 14:38:37.425|0010-0000-032F-2B64|kyamaguchi0111
2018-02-23 14:38:37.425|0010-0000-032F-2B64|Levigen19
2018-02-23 14:38:37.425|0010-0000-032F-2B64|max1.0pikminmine
2018-02-23 14:38:37.425|0010-0000-032F-2B64|MAXmitWIIU
2018-02-23 14:38:37.425|0010-0000-032F-2B64|MiyamotoYuhki
2018-02-23 14:38:37.425|0010-0000-032F-2B64|niko652
2018-02-23 14:38:37.425|0010-0000-032F-2B64|ritch0
2018-02-23 14:38:37.425|0010-0000-032F-2B64|robbysk8er1
2018-02-23 14:38:37.425|0010-0000-032F-2B64|RonRny
2018-02-23 14:38:37.425|0010-0000-032F-2B64|ryoki0504a
2018-02-23 14:38:37.425|0010-0000-032F-2B64|sadao32tk
2018-02-23 14:38:37.425|0010-0000-032F-2B64|takamasa1119
2018-03-01 08:56:03.301|0010-0000-032F-2B64|yusei-ozaki
2018-02-23 14:38:37.425|0010-0000-032F-2B64|yuto.4093
2018-02-23 14:38:38.97|0011-0000-033C-BF9D|bigt1209
2018-02-23 14:38:38.97|0011-0000-033C-BF9D|dragonballtaka
2018-02-23 14:38:38.97|0011-0000-033C-BF9D|dsoucek
2018-02-23 14:38:38.97|0011-0000-033C-BF9D|IsaacRay2010
2018-02-23 14:38:38.97|0011-0000-033C-BF9D|Jeffyjeff
2018-02-23 14:38:38.97|0011-0000-033C-BF9D|kanakun0531
2018-02-23 14:38:38.97|0011-0000-033C-BF9D|momayaman
2018-02-23 14:38:38.97|0011-0000-033C-BF9D|morcombfamily
2018-02-23 14:38:38.97|0011-0000-033C-BF9D|naonaonaonao0905
2018-02-23 14:38:38.97|0011-0000-033C-BF9D|recre8ion
2018-02-23 14:38:38.97|0011-0000-033C-BF9D|ryoutarou815
2018-02-23 14:38:38.97|0011-0000-033C-BF9D|seanpri
2018-02-23 14:38:38.97|0011-0000-033C-BF9D|tahk3317
2018-02-23 14:38:38.97|0011-0000-033C-BF9D|TheSuperBacon
2018-02-23 14:38:38.97|0011-0000-033C-BF9D|YangireEChan
2018-02-23 14:38:38.97|0011-0000-033C-BF9D|zachary1223
2018-02-23 14:38:40.61|0011-0000-0341-7FFD|BensonGraynet
2018-02-23 14:38:40.61|0011-0000-0341-7FFD|Bobismyfriend
2018-02-23 14:38:40.61|0011-0000-0341-7FFD|BurdogAEM
2018-02-23 14:38:40.61|0011-0000-0341-7FFD|Byrkosdyn
2018-02-23 14:38:40.61|0011-0000-0341-7FFD|DarthThaniel
2018-02-23 14:38:40.61|0011-0000-0341-7FFD|demonhunter47223
2018-02-23 14:38:40.61|0011-0000-0341-7FFD|deylan03
2018-02-23 14:38:40.61|0011-0000-0341-7FFD|Eliise.Ambre
2018-02-23 14:38:40.61|0011-0000-0341-7FFD|haruhiro809
2018-02-23 14:38:40.61|0011-0000-0341-7FFD|KierenDaGangsta
2018-02-23 14:38:40.61|0011-0000-0341-7FFD|kikitipe27
2018-02-23 14:38:40.61|0011-0000-0341-7FFD|komachiset
2018-02-23 14:38:40.61|0011-0000-0341-7FFD|kounao16
2018-02-23 14:38:40.61|0011-0000-0341-7FFD|mapa0211
2018-02-23 14:38:40.61|0011-0000-0341-7FFD|master_mind256
2018-02-23 14:38:40.61|0011-0000-0341-7FFD|Nanis.0317
2018-02-23 14:38:40.61|0011-0000-0341-7FFD|qaismo
2018-02-23 14:38:40.61|0011-0000-0341-7FFD|SaNa.5884
2018-02-23 14:38:40.61|0011-0000-0341-7FFD|tomoyuami
2018-02-23 14:38:40.61|0011-0000-0341-7FFD|uRgg-cSS1022V2BV
2018-02-23 14:38:40.61|0011-0000-0341-7FFD|w-03.vvv
2018-02-23 14:38:40.61|0011-0000-0341-7FFD|yuuto211
2017-12-18 14:48:05.453|0011-0000-0344-1AC3|4118Mario
2017-12-18 14:48:05.453|0011-0000-0344-1AC3|abcdsyuntarou
2017-12-18 14:48:05.453|0011-0000-0344-1AC3|alex2304max
2018-03-04 22:44:31.125|0011-0000-0344-1AC3|aymanads13
2018-01-02 07:08:21.789|0011-0000-0344-1AC3|bradleyhawley11
2018-01-02 07:08:21.789|0011-0000-0344-1AC3|BRafA_12
2017-12-18 14:48:05.453|0011-0000-0344-1AC3|cadenb06
2018-01-05 09:01:10.418|0011-0000-0344-1AC3|craigsssmith
2017-12-18 14:48:05.453|0011-0000-0344-1AC3|Dominicmeeki
2018-01-12 03:40:10.57|0011-0000-0344-1AC3|donald18
2017-12-18 14:48:05.453|0011-0000-0344-1AC3|EvanFedak
2018-01-11 19:58:25.038|0011-0000-0344-1AC3|friar3
2017-12-18 14:48:05.453|0011-0000-0344-1AC3|halojade816
2017-12-18 14:48:05.453|0011-0000-0344-1AC3|hisako-santa
2017-12-18 14:48:05.453|0011-0000-0344-1AC3|Il_Grande_Lothar
2017-12-18 14:48:05.453|0011-0000-0344-1AC3|jannisdechi
2017-12-18 14:48:05.453|0011-0000-0344-1AC3|NOASON
2018-03-01 08:56:16.921|0011-0000-0344-1AC3|Reaper52691
2017-12-18 14:48:05.453|0011-0000-0344-1AC3|sinsinchuck
2017-12-18 14:48:05.453|0011-0000-0344-1AC3|szecsodi
2018-03-11 06:56:34.684|0011-0000-0344-1AC3|tatkmexit
2017-12-18 14:48:05.453|0011-0000-0344-1AC3|technologygenius
2018-03-02 09:46:49.63|0011-0000-0349-F9F6|19RVD90
2018-03-02 09:46:49.63|0011-0000-0349-F9F6|a_a.ta-n.ru-u
2018-03-02 09:46:49.63|0011-0000-0349-F9F6|bendy165
2018-03-02 09:46:49.63|0011-0000-0349-F9F6|DirtPig
2018-03-02 09:46:49.63|0011-0000-0349-F9F6|Dkie031LUV475pmj
2018-03-02 09:46:49.63|0011-0000-0349-F9F6|everblue7757
2018-03-02 09:46:49.63|0011-0000-0349-F9F6|griimble
2018-03-02 09:46:49.63|0011-0000-0349-F9F6|isabelle280379
2018-03-02 09:46:49.63|0011-0000-0349-F9F6|Kirit5
2018-03-02 09:46:49.63|0011-0000-0349-F9F6|lightingroller
2018-03-02 09:46:49.63|0011-0000-0349-F9F6|MarioFan57952
2018-03-02 09:46:49.63|0011-0000-0349-F9F6|Martolini
2018-03-02 09:46:49.63|0011-0000-0349-F9F6|Mayflowers2000
2018-03-02 09:46:49.63|0011-0000-0349-F9F6|menofmayhem4545
2018-03-02 09:46:49.63|0011-0000-0349-F9F6|sinsinchuck
2018-03-02 09:46:49.63|0011-0000-0349-F9F6|sunywolffie
2018-02-23 14:38:42.928|0012-0000-0302-B7F0|1231wiiu
2018-02-23 14:38:42.928|0012-0000-0302-B7F0|Acehanlan
2018-02-23 14:38:42.928|0012-0000-0302-B7F0|azpo090
2018-02-23 14:38:42.928|0012-0000-0302-B7F0|bokubob
2018-02-23 14:38:42.928|0012-0000-0302-B7F0|BOOGIEMOOGIE64
2018-02-23 14:38:42.928|0012-0000-0302-B7F0|brogomurrays
2018-02-23 14:38:42.928|0012-0000-0302-B7F0|christalfaries
2018-02-23 14:38:42.928|0012-0000-0302-B7F0|eijing49
2018-02-23 14:38:42.928|0012-0000-0302-B7F0|hiro2riko
2018-02-23 14:38:42.928|0012-0000-0302-B7F0|jajakura
2018-02-23 14:38:42.928|0012-0000-0302-B7F0|J-PATCH115.2
2018-02-23 14:38:42.928|0012-0000-0302-B7F0|katkondo
2018-02-23 14:38:42.928|0012-0000-0302-B7F0|kevinwilliams818
2018-02-23 14:38:42.928|0012-0000-0302-B7F0|LouisWu182
2018-02-23 14:38:42.928|0012-0000-0302-B7F0|mario-tomoya
2018-02-23 14:38:42.928|0012-0000-0302-B7F0|maximus3232
2018-02-23 14:38:42.928|0012-0000-0302-B7F0|MAyuKi0000
2018-02-23 14:38:42.928|0012-0000-0302-B7F0|Meephugger
2018-02-23 14:38:42.928|0012-0000-0302-B7F0|minecraftetim
2018-02-23 14:38:42.928|0012-0000-0302-B7F0|MIRAI.RIN.KEI
2018-02-23 14:38:42.928|0012-0000-0302-B7F0|mommsies23
2018-02-23 14:38:42.928|0012-0000-0302-B7F0|olvera8847
2018-02-23 14:38:42.928|0012-0000-0302-B7F0|OneTrueDiggle
2018-02-23 14:38:42.928|0012-0000-0302-B7F0|pam2009
2018-02-23 14:38:42.928|0012-0000-0302-B7F0|Peebs2123
2018-02-23 14:38:42.928|0012-0000-0302-B7F0|pullar
2018-02-23 14:38:42.928|0012-0000-0302-B7F0|Radam81
2018-02-23 14:38:42.928|0012-0000-0302-B7F0|s341-6
2018-02-23 14:38:42.928|0012-0000-0302-B7F0|STOP1100
2018-02-23 14:38:42.928|0012-0000-0302-B7F0|taitirou21
2018-02-23 14:38:42.928|0012-0000-0302-B7F0|Theriddler15
2018-02-23 14:38:42.928|0012-0000-0302-B7F0|Thevrow
2018-02-23 14:38:42.928|0012-0000-0302-B7F0|walkingnewmans
2018-02-23 14:38:42.928|0012-0000-0302-B7F0|wayu0207
2018-02-23 14:38:42.928|0012-0000-0302-B7F0|yuyutatananaruru
2018-03-02 09:46:51.624|0012-0000-030F-926D|agarcia_navy
2018-03-02 09:46:51.624|0012-0000-030F-926D|aoi170502
2018-03-02 09:46:51.624|0012-0000-030F-926D|asm0301
2018-03-02 09:46:51.624|0012-0000-030F-926D|asoti125
2018-03-02 09:46:51.624|0012-0000-030F-926D|bingleman43
2018-03-02 09:46:51.624|0012-0000-030F-926D|Cub_Tennis
2018-03-02 09:46:51.624|0012-0000-030F-926D|D1egoX3
2018-03-02 09:46:51.624|0012-0000-030F-926D|DAIYAnoTAIHOU
2018-03-02 09:46:51.624|0012-0000-030F-926D|DrBacon123
2018-03-02 09:46:51.624|0012-0000-030F-926D|gatocero
2018-03-02 09:46:51.624|0012-0000-030F-926D|HAREHI3141
2018-03-02 09:46:51.624|0012-0000-030F-926D|hayato0524
2018-03-02 09:46:51.624|0012-0000-030F-926D|idkiyohiko
2018-03-02 09:46:51.624|0012-0000-030F-926D|jaleenam
2018-03-02 09:46:51.624|0012-0000-030F-926D|kanoryu12104
2018-03-02 09:46:51.624|0012-0000-030F-926D|mamab214
2018-03-02 09:46:51.624|0012-0000-030F-926D|marlo1974
2018-03-02 09:46:51.624|0012-0000-030F-926D|mirakuru19
2018-03-02 09:46:51.624|0012-0000-030F-926D|Mrluigidz
2018-03-02 09:46:51.624|0012-0000-030F-926D|myb161027
2018-03-02 09:46:51.624|0012-0000-030F-926D|ndbt3000
2018-03-02 09:46:51.624|0012-0000-030F-926D|nikoniko-masashi
2018-03-02 09:46:51.624|0012-0000-030F-926D|PPAPSUKI
2018-03-02 09:46:51.624|0012-0000-030F-926D|PvtBanana
2018-03-02 09:46:51.624|0012-0000-030F-926D|sfsteve
2018-03-02 09:46:51.624|0012-0000-030F-926D|sick_savage023
2018-03-02 09:46:51.624|0012-0000-030F-926D|SPldoo
2018-03-02 09:46:51.624|0012-0000-030F-926D|tk8291
2018-03-02 09:46:51.624|0012-0000-030F-926D|waskiewicz
2018-03-02 09:46:53.899|0012-0000-0331-71F5|15sato
2018-03-02 09:46:53.899|0012-0000-0331-71F5|Acadiafan221993
2018-03-06 11:23:20.385|0012-0000-0331-71F5|addison62500
2018-03-02 09:46:53.899|0012-0000-0331-71F5|AKASSYYU
2018-03-02 09:46:53.899|0012-0000-0331-71F5|Alazer
2018-03-02 09:46:53.899|0012-0000-0331-71F5|aloe-yoghurt
2018-03-02 09:46:53.899|0012-0000-0331-71F5|DCACJLI
2018-03-02 09:46:53.899|0012-0000-0331-71F5|fusion12
2018-03-02 09:46:53.899|0012-0000-0331-71F5|Gismo07
2018-03-02 09:46:53.899|0012-0000-0331-71F5|JackSparra85
2018-03-02 09:46:53.899|0012-0000-0331-71F5|JMI-FUJI
2018-03-02 09:46:53.899|0012-0000-0331-71F5|karthik23
2018-03-02 09:46:53.899|0012-0000-0331-71F5|kingpin07
2018-03-02 09:46:53.899|0012-0000-0331-71F5|kumajirou14
2018-04-10 11:02:23.661|0012-0000-0331-71F5|LionTamino
2018-03-02 09:46:53.899|0012-0000-0331-71F5|lookslikeLinkU
2018-03-02 09:46:53.899|0012-0000-0331-71F5|MagicMadMan
2018-03-02 09:46:53.899|0012-0000-0331-71F5|makki340
2018-03-02 09:46:53.899|0012-0000-0331-71F5|marenisu
2018-03-02 09:46:53.899|0012-0000-0331-71F5|masatokidesu
2018-03-02 09:46:53.899|0012-0000-0331-71F5|mattcolley
2018-03-02 09:46:53.899|0012-0000-0331-71F5|mayumi09876
2018-03-02 09:46:53.899|0012-0000-0331-71F5|morganleebooth
2018-03-02 09:46:53.899|0012-0000-0331-71F5|nantarochan
2018-03-02 09:46:53.899|0012-0000-0331-71F5|nextstepgal
2018-03-02 09:46:53.899|0012-0000-0331-71F5|OblitusGamer14
2018-03-02 09:46:53.899|0012-0000-0331-71F5|Paulina1987
2018-03-02 09:46:53.899|0012-0000-0331-71F5|ratoncita110655m
2018-03-02 09:46:53.899|0012-0000-0331-71F5|romylenny
2018-03-02 09:46:53.899|0012-0000-0331-71F5|rubia270
2018-03-02 09:46:53.899|0012-0000-0331-71F5|SaNaKaWaRiKo
2018-03-02 09:46:53.899|0012-0000-0331-71F5|ShawnFB
2018-03-02 09:46:53.899|0012-0000-0331-71F5|somita
2018-03-02 09:46:53.899|0012-0000-0331-71F5|spiralway
2018-03-02 09:46:53.899|0012-0000-0331-71F5|tomocyan1008
2018-03-02 09:46:53.899|0012-0000-0331-71F5|torreskidz
2018-02-23 14:38:44.392|0012-0000-0356-83CF|alfredosandal
2018-02-23 14:38:44.392|0012-0000-0356-83CF|boopboops2
2018-02-23 14:38:44.392|0012-0000-0356-83CF|DonQuang
2018-02-23 14:38:44.392|0012-0000-0356-83CF|Gamer0244
2018-02-23 14:38:44.392|0012-0000-0356-83CF|JayTheMan4
2018-02-23 14:38:44.392|0012-0000-0356-83CF|jodistille
2018-02-23 14:38:44.392|0012-0000-0356-83CF|jonathandp
2018-02-23 14:38:44.392|0012-0000-0356-83CF|kou6112
2018-02-23 14:38:44.392|0012-0000-0356-83CF|leoskyguy
2018-02-23 14:38:44.392|0012-0000-0356-83CF|matt1792
2018-02-23 14:38:44.392|0012-0000-0356-83CF|mcib23
2018-02-23 14:38:44.392|0012-0000-0356-83CF|mom2468abcd
2018-02-23 14:38:44.392|0012-0000-0356-83CF|myradogg
2018-02-23 14:38:44.392|0012-0000-0356-83CF|nekokanu
2018-02-23 14:38:44.392|0012-0000-0356-83CF|nvonch
2018-02-23 14:38:44.392|0012-0000-0356-83CF|One_Lemonade
2018-02-23 14:38:44.392|0012-0000-0356-83CF|Toasted782
2018-02-23 14:38:46.596|0013-0000-0317-29D6|1952aa
2018-02-23 14:38:46.596|0013-0000-0317-29D6|1972yk
2018-02-23 14:38:46.596|0013-0000-0317-29D6|24crew
2018-02-23 14:38:46.596|0013-0000-0317-29D6|Allstar1
2018-02-23 14:38:46.596|0013-0000-0317-29D6|antpalace
2018-02-23 14:38:46.596|0013-0000-0317-29D6|aryan_hulk
2018-02-23 14:38:46.596|0013-0000-0317-29D6|ayako.kamo
2018-02-23 14:38:46.596|0013-0000-0317-29D6|Cally_mario
2018-02-23 14:38:46.596|0013-0000-0317-29D6|danielksi
2018-02-23 14:38:46.596|0013-0000-0317-29D6|Eidan_27
2018-02-23 14:38:46.596|0013-0000-0317-29D6|elprocrack2
2018-02-23 14:38:46.596|0013-0000-0317-29D6|EmilyDenmark
2018-02-23 14:38:46.596|0013-0000-0317-29D6|familiar_0127
2018-02-23 14:38:46.596|0013-0000-0317-29D6|hidekazu555
2018-02-23 14:38:46.596|0013-0000-0317-29D6|huskymaik
2018-02-23 14:38:46.596|0013-0000-0317-29D6|isischris
2018-02-23 14:38:46.596|0013-0000-0317-29D6|JBW23JEV
2018-02-23 14:38:46.596|0013-0000-0317-29D6|Judit2011
2018-02-23 14:38:46.596|0013-0000-0317-29D6|jugador82
2018-02-23 14:38:46.596|0013-0000-0317-29D6|kanaya23
2018-02-23 14:38:46.596|0013-0000-0317-29D6|lemony1
2018-02-23 14:38:46.596|0013-0000-0317-29D6|LucasSnugglebug
2018-02-23 14:38:46.596|0013-0000-0317-29D6|makaylaeric1
2018-02-23 14:38:46.596|0013-0000-0317-29D6|mjw2009
2018-02-23 14:38:46.596|0013-0000-0317-29D6|moomooman2006
2018-02-23 14:38:46.596|0013-0000-0317-29D6|Mylenepelletier
2018-02-23 14:38:46.596|0013-0000-0317-29D6|ninjago2712
2018-02-23 14:38:46.596|0013-0000-0317-29D6|osadai3532
2018-02-23 14:38:46.596|0013-0000-0317-29D6|Pedepe
2018-02-23 14:38:46.596|0013-0000-0317-29D6|smokey412
2018-02-23 14:38:46.596|0013-0000-0317-29D6|super-megaLOOL
2018-02-23 14:38:46.596|0013-0000-0317-29D6|swdmimoichimaki
2018-02-23 14:38:46.596|0013-0000-0317-29D6|tchirklo
2018-02-23 14:38:46.596|0013-0000-0317-29D6|TheTroll01
2018-02-23 14:38:46.596|0013-0000-0317-29D6|thunderarm23
2018-02-23 14:38:46.596|0013-0000-0317-29D6|tristbyrd
2018-02-23 14:38:46.596|0013-0000-0317-29D6|tuabuelasellama
2018-02-23 14:38:46.596|0013-0000-0317-29D6|tyak1469
2018-02-23 14:38:46.596|0013-0000-0317-29D6|vicman140986
2018-02-23 14:38:46.596|0013-0000-0317-29D6|VoyFalso
2018-02-23 14:38:46.596|0013-0000-0317-29D6|WIIMoustique
2018-02-23 14:38:46.596|0013-0000-0317-29D6|yamakae
2018-02-23 14:38:48.222|0013-0000-0368-1C1B|AlfredWallace
2018-02-23 14:38:48.222|0013-0000-0368-1C1B|cah515253
2018-02-23 14:38:48.222|0013-0000-0368-1C1B|CronusNexus
2018-02-23 14:38:48.222|0013-0000-0368-1C1B|DominicDeblois03
2018-02-23 14:38:48.222|0013-0000-0368-1C1B|elvixzero
2018-02-23 14:38:48.222|0013-0000-0368-1C1B|happydudey
2018-02-23 14:38:48.222|0013-0000-0368-1C1B|highimmartin
2018-02-23 14:38:48.222|0013-0000-0368-1C1B|i_yoshiaki
2018-02-23 14:38:48.222|0013-0000-0368-1C1B|JamiePlays
2018-02-23 14:38:48.222|0013-0000-0368-1C1B|jssedlock
2018-02-23 14:38:48.222|0013-0000-0368-1C1B|lorikmelin
2018-02-23 14:38:48.222|0013-0000-0368-1C1B|marik444
2018-02-23 14:38:48.222|0013-0000-0368-1C1B|Merry-2015
2018-02-23 14:38:48.222|0013-0000-0368-1C1B|MM_Aiden
2018-02-23 14:38:48.222|0013-0000-0368-1C1B|NEWS2203
2018-02-23 14:38:48.222|0013-0000-0368-1C1B|Rodney500
2018-02-23 14:38:48.222|0013-0000-0368-1C1B|RuthlessMuzza
2018-02-23 14:38:48.222|0013-0000-0368-1C1B|Sagasio0962
2018-02-23 14:38:48.222|0013-0000-0368-1C1B|sciusciddu
2018-02-23 14:38:48.222|0013-0000-0368-1C1B|trexb0123
2018-02-23 14:38:48.222|0013-0000-0368-1C1B|Xavnours
2018-02-23 14:38:48.222|0013-0000-0368-1C1B|yamakong1980
2018-02-23 14:38:48.222|0013-0000-0368-1C1B|yuudai811
2018-03-02 09:46:56.188|0014-0000-030F-A165|2kiruha93
2018-03-02 09:46:56.188|0014-0000-030F-A165|AMTCreeper
2018-03-02 09:46:56.188|0014-0000-030F-A165|anchorpaper
2018-03-02 09:46:56.188|0014-0000-030F-A165|bedinlabarrerem
2018-03-02 09:46:56.188|0014-0000-030F-A165|carloysanty
2018-03-02 09:46:56.188|0014-0000-030F-A165|Dalaree
2018-03-02 09:46:56.188|0014-0000-030F-A165|Dracktal
2018-03-02 09:46:56.188|0014-0000-030F-A165|frode.odegard
2018-03-02 09:46:56.188|0014-0000-030F-A165|jorge10_83
2018-03-02 09:46:56.188|0014-0000-030F-A165|kai-the-joker
2018-03-02 09:46:56.188|0014-0000-030F-A165|KEVIN1898
2018-03-02 09:46:56.188|0014-0000-030F-A165|koukihi5
2018-03-02 09:46:56.188|0014-0000-030F-A165|lukaselcrack44
2018-03-02 09:46:56.188|0014-0000-030F-A165|manaboo6
2018-03-02 09:46:56.188|0014-0000-030F-A165|piotr0725
2018-03-02 09:46:56.188|0014-0000-030F-A165|Ricardolosano94
2018-03-02 09:46:56.188|0014-0000-030F-A165|ringo.ichigo615
2018-03-02 09:46:56.188|0014-0000-030F-A165|royallucky7
2018-03-02 09:46:56.188|0014-0000-030F-A165|sakura.f.324
2018-03-02 09:46:56.188|0014-0000-030F-A165|Shirunosu
2018-03-02 09:46:56.188|0014-0000-030F-A165|sintyan-kyotyan
2018-03-02 09:46:56.188|0014-0000-030F-A165|TheRogers6
2018-03-02 09:46:56.188|0014-0000-030F-A165|TNTletzplay
2018-03-02 09:46:56.188|0014-0000-030F-A165|tomoeomot
2018-03-02 09:46:56.188|0014-0000-030F-A165|TStan63
2018-03-02 09:46:56.188|0014-0000-030F-A165|YOLODANSR
2018-03-02 09:46:56.188|0014-0000-030F-A165|youko_o_1948
